Frame,Time (ns),RMSD_ribosome
0.0,0.0,3.3395389361399974e-06
1.0,1.0000000328495406,1.0824330600301233
2.0,2.0000000656990813,1.1800666435610032
3.0,3.0000000985486217,1.274148065739419
4.0,4.000000131398163,1.2566833673609696
5.0,5.000000164247703,1.2659731811653756
6.0,6.000000197097243,1.366349423358568
7.0,7.000000229946784,1.3175371419179434
8.0,8.000000262796325,1.1778677220017706
9.0,9.000000295645865,1.30927883619169
10.0,10.000000328495407,1.4701316305841219
11.0,11.000000361344947,1.4159928825639951
12.0,12.000000394194487,1.3920172927555465
13.0,13.000000427044029,1.350366345174966
14.0,14.000000459893569,1.4641975699705536
15.0,15.00000049274311,1.3706181830240411
16.0,16.00000052559265,1.384232243467552
17.0,17.000000558442192,1.3269971626479384
18.0,18.00000059129173,1.5310887509394748
19.0,19.000000624141272,1.5724879597263475
20.0,20.000000656990814,1.3728059816375218
21.0,21.000000689840352,1.4871150763057346
22.0,22.000000722689894,1.4543130563764128
23.0,23.000000755539435,1.4862737131444799
24.0,24.000000788388974,1.6660324068878887
25.0,25.000000821238515,1.6701641598763082
26.0,26.000000854088057,1.627508036843981
27.0,27.0000008869376,1.737283568639218
28.0,28.000000919787137,1.639881970705607
29.0,29.00000095263668,1.7169375346902616
30.0,30.00000098548622,1.7382174330266962
31.0,31.00000101833576,1.626659020332994
32.0,32.0000010511853,1.73582686164871
33.0,33.00000108403484,1.8715739333016068
34.0,34.000001116884384,1.7012560586055643
35.0,35.000001149733926,1.7555005925781837
36.0,36.00000118258346,1.7853604121620337
37.0,37.000001215433,1.798703663990224
38.0,38.000001248282544,1.7421422271304932
39.0,39.000001281132086,1.667294173113277
40.0,40.00000131398163,1.64435784097066
41.0,41.00000134683117,1.62799540305079
42.0,42.000001379680704,1.6336604680286204
43.0,43.000001412530246,1.63928793057656
44.0,44.00000144537979,1.7780642218700913
45.0,45.00000147822933,1.7226277288083798
46.0,46.00000151107887,1.7599646133119458
47.0,47.00000154392841,1.821830217539019
48.0,48.00000157677795,1.8565498939576943
49.0,49.00000160962749,1.9744076747415409
50.0,50.00000164247703,1.8562715015893647
51.0,51.00000167532657,1.8447023410383199
52.0,52.000001708176114,1.8899068639175745
53.0,53.000001741025656,2.0005703329196036
54.0,54.0000017738752,1.9118094472911338
55.0,55.00000180672473,1.9437690529370886
56.0,56.000001839574274,1.9996521491044341
57.0,57.000001872423816,2.058437337580188
58.0,58.00000190527336,1.9683775393230507
59.0,59.0000019381229,1.9656622074234584
60.0,60.00000197097244,1.9354030579505754
61.0,61.000002003821976,2.0046152871986584
62.0,62.00000203667152,1.9799780837184373
63.0,63.00000206952106,2.026984449813395
64.0,64.0000021023706,2.0565184659192672
65.0,65.00000213522014,2.023218408632001
66.0,66.00000216806968,1.987188564550104
67.0,67.00000220091923,1.9645322767972233
68.0,68.00000223376877,1.951096327586105
69.0,69.00000226661831,2.067829491404786
70.0,70.00000229946785,2.0669819028121887
71.0,71.00000233231738,2.090034468058007
72.0,72.00000236516692,2.456136748735799
73.0,73.00000239801646,2.136220812207014
74.0,74.000002430866,2.1219645148640964
75.0,75.00000246371555,2.0233389547707477
76.0,76.00000249656509,2.025170597394554
77.0,77.00000252941463,2.1500458807300857
78.0,78.00000256226417,2.0876235145489264
79.0,79.00000259511371,1.9708581223304777
80.0,80.00000262796326,1.951742884949892
81.0,81.0000026608128,2.0481672007674683
82.0,82.00000269366234,2.157780304720612
83.0,83.00000272651188,2.1052470469983633
84.0,84.00000275936141,2.0965781654959015
85.0,85.00000279221095,2.2294593014412256
86.0,86.00000282506049,2.19432606232242
87.0,87.00000285791003,2.1948319989814533
88.0,88.00000289075957,2.197784711862689
89.0,89.00000292360912,2.127254424097278
90.0,90.00000295645866,2.149883590933131
91.0,91.0000029893082,2.250653748125658
92.0,92.00000302215774,2.1470048033806206
93.0,93.00000305500728,2.2443244399602196
94.0,94.00000308785683,2.205491338976341
95.0,95.00000312070637,2.1046330575429204
96.0,96.0000031535559,2.1161190688581915
97.0,97.00000318640544,2.088911894923797
98.0,98.00000321925498,2.113727089311424
99.0,99.00000325210452,2.130592119939788
100.0,100.00000328495406,2.147380851220872
101.0,101.0000033178036,2.187375754511624
102.0,102.00000335065315,2.138663114339094
103.0,103.00000338350269,2.116819572510373
104.0,104.00000341635223,2.2062123941381877
105.0,105.00000344920177,2.208638196954178
106.0,106.00000348205131,2.2054953893286666
107.0,107.00000351490085,2.103679009167631
108.0,108.0000035477504,2.2057934763922704
109.0,109.00000358059992,2.005384592023894
110.0,110.00000361344946,2.1253782728597246
111.0,111.000003646299,2.360298785118409
112.0,112.00000367914855,2.2977790000469067
113.0,113.00000371199809,2.2606653679109217
114.0,114.00000374484763,2.2572449000408454
115.0,115.00000377769717,2.1968027349607397
116.0,116.00000381054672,2.346041526952375
117.0,117.00000384339626,2.239605427825512
118.0,118.0000038762458,2.2851043461328295
119.0,119.00000390909534,2.444744149080146
120.0,120.00000394194488,2.4256652560261336
121.0,121.00000397479442,2.411297381086164
122.0,122.00000400764395,2.558308213266506
123.0,123.0000040404935,2.3590185349759034
124.0,124.00000407334304,2.4269454745697225
125.0,125.00000410619258,2.3296192435842067
126.0,126.00000413904212,2.29143350574391
127.0,127.00000417189166,2.3365617316102627
128.0,128.0000042047412,2.208076797029037
129.0,129.00000423759073,2.3706424014939995
130.0,130.0000042704403,2.2049089676485507
131.0,131.0000043032898,2.2267362513871936
132.0,132.00000433613937,2.1358763119933957
133.0,133.0000043689889,2.1827952357952185
134.0,134.00000440183845,2.186760931662115
135.0,135.00000443468798,2.399783377641802
136.0,136.00000446753754,2.3809975756256225
137.0,137.00000450038706,2.400215221730743
138.0,138.00000453323662,2.41654765989115
139.0,139.00000456608615,2.350011733340326
140.0,140.0000045989357,2.4260669876362138
141.0,141.00000463178523,2.580476094764316
142.0,142.00000466463476,2.3398445143732856
143.0,143.00000469748431,2.5027171179439196
144.0,144.00000473033384,2.5803354695482783
145.0,145.0000047631834,2.4199689387659205
146.0,146.00000479603293,2.4144414638481195
147.0,147.00000482888248,2.292152183022369
148.0,148.000004861732,2.324668617011284
149.0,149.00000489458156,2.358197627422507
150.0,150.0000049274311,2.365642160901812
151.0,151.00000496028065,2.504965653716557
152.0,152.00000499313018,2.3751479425765
153.0,153.00000502597973,2.4011181611547014
154.0,154.00000505882926,2.5336975012117557
155.0,155.0000050916788,2.494271679091116
156.0,156.00000512452834,2.4555306520401112
157.0,157.00000515737787,2.4148600380654885
158.0,158.00000519022743,2.2935335070318716
159.0,159.00000522307695,2.2602917752282226
160.0,160.0000052559265,2.3712349797548304
161.0,161.00000528877604,2.2823460576964876
162.0,162.0000053216256,2.3690381299325205
163.0,163.00000535447512,2.4142623362183784
164.0,164.00000538732468,2.527267787818784
165.0,165.0000054201742,2.5415912128559
166.0,166.00000545302376,2.671247881480587
167.0,167.0000054858733,2.6394715620140965
168.0,168.00000551872282,2.5153870362592268
169.0,169.00000555157237,2.534521288110296
170.0,170.0000055844219,2.5303458619344044
171.0,171.00000561727146,2.4958975599064948
172.0,172.00000565012098,2.593179367685807
173.0,173.00000568297054,2.4834528973020524
174.0,174.00000571582007,2.5524183520026598
175.0,175.00000574866962,2.5211048345615
176.0,176.00000578151915,2.474500130673055
177.0,177.0000058143687,2.517264075386684
178.0,178.00000584721823,2.487498711088144
179.0,179.0000058800678,2.5715732896659724
180.0,180.00000591291732,2.441704108045508
181.0,181.00000594576684,2.4936658654505837
182.0,182.0000059786164,2.428223097291578
183.0,183.00000601146593,2.3687604805443656
184.0,184.00000604431548,2.5942768364084614
185.0,185.000006077165,2.570500983897735
186.0,186.00000611001457,2.699360487417695
187.0,187.0000061428641,2.659205924684429
188.0,188.00000617571365,2.503594112408434
189.0,189.00000620856318,2.5457774365578363
190.0,190.00000624141273,2.6028997284871447
191.0,191.00000627426226,2.617828398751921
192.0,192.0000063071118,2.494641327048787
193.0,193.00000633996135,2.6727319770969378
194.0,194.00000637281087,2.5118231436777223
195.0,195.00000640566043,2.6528281586660736
196.0,196.00000643850996,2.7872197774632177
197.0,197.0000064713595,2.674320628534801
198.0,198.00000650420904,2.7101926407192085
199.0,199.0000065370586,2.692211069442157
200.0,200.00000656990812,2.707221994791848
201.0,201.00000660275768,2.610471130252372
202.0,202.0000066356072,2.625527982012612
203.0,203.00000666845676,2.6613113031922784
204.0,204.0000067013063,2.6497605633129897
205.0,205.00000673415582,2.7857008761431703
206.0,206.00000676700537,2.7414478317147553
207.0,207.0000067998549,2.6052507922269728
208.0,208.00000683270446,2.6632611281866883
209.0,209.00000686555398,2.659420335774702
210.0,210.00000689840354,2.695626592742895
211.0,211.00000693125307,2.7449241570145353
212.0,212.00000696410262,2.60802831743703
213.0,213.00000699695215,2.6681894551579983
214.0,214.0000070298017,2.632827681183586
215.0,215.00000706265124,2.767637833372386
216.0,216.0000070955008,2.6524503205688483
217.0,217.00000712835032,2.550091999023478
218.0,218.00000716119985,2.634174040254723
219.0,219.0000071940494,2.568238358987529
220.0,220.00000722689893,2.6664491455961374
221.0,221.0000072597485,2.7357920652347225
222.0,222.000007292598,2.673846928109842
223.0,223.00000732544757,2.600352301898635
224.0,224.0000073582971,2.6466622465996292
225.0,225.00000739114665,2.7653735612941457
226.0,226.00000742399618,2.6274490882772095
227.0,227.00000745684574,2.794604518065697
228.0,228.00000748969526,2.908848756558659
229.0,229.00000752254482,2.738690309078137
230.0,230.00000755539435,2.7437465242725825
231.0,231.00000758824388,2.5707417209997905
232.0,232.00000762109343,2.663469182951385
233.0,233.00000765394296,2.680239377187992
234.0,234.00000768679251,2.727859809776545
235.0,235.00000771964204,2.885867506516859
236.0,236.0000077524916,2.8897236591595057
237.0,237.00000778534113,2.82772637557509
238.0,238.00000781819068,2.765960033025867
239.0,239.0000078510402,2.6383384323721755
240.0,240.00000788388977,2.6814203912824883
241.0,241.0000079167393,2.835591468923845
242.0,242.00000794958885,2.753597566898826
243.0,243.00000798243838,2.8116209135983974
244.0,244.0000080152879,2.7903008809418073
245.0,245.00000804813746,2.786338910686602
246.0,246.000008080987,2.870081546932524
247.0,247.00000811383654,2.9208510840843815
248.0,248.00000814668607,2.7885573109051114
249.0,249.00000817953563,2.8786710234346016
250.0,250.00000821238515,3.0125658614531408
251.0,251.0000082452347,3.0991328014621558
252.0,252.00000827808424,3.1273054263762146
253.0,253.0000083109338,2.925965292380754
254.0,254.00000834378332,2.915717457982079
255.0,255.00000837663288,2.8175244142446996
256.0,256.0000084094824,3.029644408794509
257.0,257.00000844233193,3.034710905159992
258.0,258.00000847518146,2.935778066660864
259.0,259.00000850803104,3.0736838422799546
260.0,260.0000085408806,3.059436698099227
261.0,261.0000085737301,3.3006717744965894
262.0,262.0000086065796,3.6022477511498656
263.0,263.0000086394292,3.4710154996742375
264.0,264.00000867227874,3.4930382707397127
265.0,265.00000870512827,3.4663028576924058
266.0,266.0000087379778,3.428442465402642
267.0,267.0000087708274,3.6588649944221334
268.0,268.0000088036769,3.704712090008125
269.0,269.00000883652643,3.5364972753139132
270.0,270.00000886937596,3.6378355736110968
271.0,271.0000089022255,3.449004497415197
272.0,272.0000089350751,3.4916785946949793
273.0,273.0000089679246,3.5604906951863917
274.0,274.0000090007741,3.5012294160615016
275.0,275.00000903362366,3.564900613291143
276.0,276.00000906647324,3.4747030333145004
277.0,277.00000909932277,3.4157925778931366
278.0,278.0000091321723,3.5230811081624833
279.0,279.0000091650218,3.5532785403255756
280.0,280.0000091978714,3.4778182597342373
281.0,281.00000923072093,3.343372515635728
282.0,282.00000926357046,3.51064713882383
283.0,283.00000929642,3.5724812007248636
284.0,284.0000093292695,3.6594642020638575
285.0,285.0000093621191,3.767262351637927
286.0,286.00000939496863,3.6453364683853837
287.0,287.00000942781816,3.612689239404464
288.0,288.0000094606677,3.7032926117463685
289.0,289.00000949351727,3.495581260295263
290.0,290.0000095263668,3.4475152143720487
291.0,291.0000095592163,3.620242899178847
292.0,292.00000959206585,3.5931541216678817
293.0,293.00000962491544,3.365916320048707
294.0,294.00000965776496,3.467396232219622
295.0,295.0000096906145,3.3018065535626415
296.0,296.000009723464,3.464969567634293
297.0,297.00000975631355,3.46606563755891
298.0,298.00000978916313,3.629538132873707
299.0,299.00000982201266,3.561628606061191
300.0,300.0000098548622,3.6317047739889188
301.0,301.0000098877117,3.638405621479474
302.0,302.0000099205613,3.5879835656099552
303.0,303.0000099534108,3.7243898677253195
304.0,304.00000998626035,3.5688291965225725
305.0,305.0000100191099,3.689135270221342
306.0,306.00001005195946,3.6551953132758035
307.0,307.000010084809,3.5647317370214173
308.0,308.0000101176585,3.61795107812758
309.0,309.00001015050805,3.689989024882693
310.0,310.0000101833576,3.72723192145107
311.0,311.00001021620716,3.647829966397837
312.0,312.0000102490567,3.702893282118703
313.0,313.0000102819062,3.7965808991150536
314.0,314.00001031475574,3.7347665688037073
315.0,315.0000103476053,3.793004679206771
316.0,316.00001038045485,3.7566424046389066
317.0,317.0000104133044,3.646258500323463
318.0,318.0000104461539,3.689147109636647
319.0,319.0000104790035,3.624753288885382
320.0,320.000010511853,3.6772044008560503
321.0,321.00001054470255,3.629005218545623
322.0,322.0000105775521,3.68621146274623
323.0,323.0000106104016,3.577811688542322
324.0,324.0000106432512,3.765795231231212
325.0,325.0000106761007,3.8012536181226
326.0,326.00001070895024,3.720299095917231
327.0,327.00001074179977,3.679464241033352
328.0,328.00001077464935,3.6828373254075566
329.0,329.0000108074989,3.7070751164204854
330.0,330.0000108403484,3.782610108980318
331.0,331.00001087319794,3.790800009908142
332.0,332.0000109060475,3.7840484992235255
333.0,333.00001093889705,3.8185188995901114
334.0,334.0000109717466,3.7492890113559807
335.0,335.0000110045961,3.685216727992877
336.0,336.00001103744563,3.5358478493057626
337.0,337.0000110702952,3.699055663222395
338.0,338.00001110314474,3.7397750582976426
339.0,339.00001113599427,3.635185667006271
340.0,340.0000111688438,3.7124398465702364
341.0,341.0000112016934,3.8235811478984183
342.0,342.0000112345429,3.6403810304467923
343.0,343.00001126739244,3.5869792795883715
344.0,344.00001130024197,3.633010704781996
345.0,345.00001133309155,3.8625161996648174
346.0,346.0000113659411,3.754504826386543
347.0,347.0000113987906,3.6849269909103746
348.0,348.00001143164013,3.851828053733819
349.0,349.00001146448966,3.8247850101230623
350.0,350.00001149733924,3.808695153620898
351.0,351.0000115301888,3.854489092719096
352.0,352.0000115630383,3.820775864581814
353.0,353.0000115958878,3.7692649367846753
354.0,354.0000116287374,3.7212422969227057
355.0,355.00001166158694,3.7763353538156377
356.0,356.00001169443647,3.896027690356275
357.0,357.000011727286,3.832047711413847
358.0,358.0000117601356,4.000729187050859
359.0,359.0000117929851,3.86258107729462
360.0,360.00001182583463,4.012079853322063
361.0,361.00001185868416,3.9196163306796965
362.0,362.0000118915337,3.887494281665901
363.0,363.0000119243833,4.03650756807338
364.0,364.0000119572328,3.8736684396247685
365.0,365.0000119900823,3.8972976468345735
366.0,366.00001202293186,4.013153756379079
367.0,367.00001205578144,4.046213059849482
368.0,368.00001208863097,3.965917623186917
369.0,369.0000121214805,4.024325081598184
370.0,370.00001215433,3.8393621274278376
371.0,371.0000121871796,3.8511811410877517
372.0,372.00001222002913,3.9562550189233794
373.0,373.00001225287866,3.838384113751937
374.0,374.0000122857282,4.0477373716663205
375.0,375.0000123185777,3.9024687313442192
376.0,376.0000123514273,3.9860831595978747
377.0,377.00001238427683,3.885104986728233
378.0,378.00001241712636,3.801194441676146
379.0,379.0000124499759,3.7914386942713656
380.0,380.00001248282547,3.9033846437986695
381.0,381.000012515675,3.701165447875241
382.0,382.0000125485245,3.793635714285243
383.0,383.00001258137405,4.039790781294017
384.0,384.0000126142236,3.9678841291076608
385.0,385.00001264707316,3.801917745517262
386.0,386.0000126799227,3.8992793744069574
387.0,387.0000127127722,3.6759257218868373
388.0,388.00001274562175,3.8459278693110024
389.0,389.00001277847133,3.8101274505641767
390.0,390.00001281132086,3.8320138500199556
391.0,391.0000128441704,3.979170753958508
392.0,392.0000128770199,3.925245991365192
393.0,393.0000129098695,3.9269216921897203
394.0,394.000012942719,3.983962011254442
395.0,395.00001297556855,3.849028884301423
396.0,396.0000130084181,3.952416077807482
397.0,397.0000130412676,4.011935651754993
398.0,398.0000130741172,4.010728203703377
399.0,399.0000131069667,3.8968113618098075
400.0,400.00001313981625,3.855282125555787
401.0,401.0000131726658,3.678515834702897
402.0,402.00001320551536,3.8356139790212382
403.0,403.0000132383649,3.858555021160112
404.0,404.0000132712144,3.780997429686021
405.0,405.00001330406394,3.888321887615541
406.0,406.0000133369135,3.95826353160977
407.0,407.00001336976305,3.9999160300733196
408.0,408.0000134026126,4.107428693249217
409.0,409.0000134354621,3.931553121395452
410.0,410.00001346831164,3.892148992501914
411.0,411.0000135011612,4.056306908459019
412.0,412.00001353401075,3.9723252371547138
413.0,413.0000135668603,3.5465611719975794
414.0,414.0000135997098,3.6769433411906323
415.0,415.0000136325594,3.7729382122494606
416.0,416.0000136654089,3.7983005879932694
417.0,417.00001369825844,4.01201009419201
418.0,418.00001373110797,3.8771142319876195
419.0,419.00001376395755,4.029235994924967
420.0,420.0000137968071,3.816049560267891
421.0,421.0000138296566,3.7652199108526268
422.0,422.00001386250614,3.7654060829904465
423.0,423.00001389535566,3.8347743032865984
424.0,424.00001392820525,3.7983245235704257
425.0,425.0000139610548,4.007411137555499
426.0,426.0000139939043,3.8556187040622607
427.0,427.00001402675383,3.8422290117990263
428.0,428.0000140596034,3.821085769034772
429.0,429.00001409245294,3.9876909098244515
430.0,430.00001412530247,3.8498150956913397
431.0,431.000014158152,3.8596710298249337
432.0,432.0000141910016,4.122737159231513
433.0,433.0000142238511,4.001446193722834
434.0,434.00001425670064,3.8816136768356904
435.0,435.00001428955017,3.8534767821964886
436.0,436.0000143223997,4.003769293917601
437.0,437.0000143552493,3.92515789127806
438.0,438.0000143880988,3.938042468188241
439.0,439.00001442094833,3.912944352511855
440.0,440.00001445379786,4.032083833464366
441.0,441.00001448664744,3.8836087754663327
442.0,442.000014519497,3.907120797931106
443.0,443.0000145523465,3.9787936475100287
444.0,444.000014585196,3.8794687943797306
445.0,445.0000146180456,3.817739105569064
446.0,446.00001465089514,3.7917081512984705
447.0,447.00001468374467,3.931826200211308
448.0,448.0000147165942,4.134176666341619
449.0,449.0000147494437,4.026570411990698
450.0,450.0000147822933,4.073517269003108
451.0,451.00001481514283,3.8979969798204173
452.0,452.00001484799236,4.085503151289055
453.0,453.0000148808419,4.098327768856525
454.0,454.0000149136915,3.9927986676388856
455.0,455.000014946541,3.9912063658183605
456.0,456.0000149793905,4.134740977030371
457.0,457.00001501224006,4.137264196136548
458.0,458.00001504508964,4.143830613819947
459.0,459.00001507793917,4.034315708786318
460.0,460.0000151107887,4.086079905885243
461.0,461.0000151436382,3.9894225267405288
462.0,462.00001517648775,3.9235454206410636
463.0,463.00001520933733,4.052364631671275
464.0,464.00001524218686,3.8569592325529505
465.0,465.0000152750364,3.8489214790961856
466.0,466.0000153078859,3.9829078622598986
467.0,467.0000153407355,3.9958583291800926
468.0,468.00001537358503,3.9360142325778944
469.0,469.00001540643456,3.951944439069078
470.0,470.0000154392841,4.009974744335916
471.0,471.00001547213367,3.88080365413336
472.0,472.0000155049832,4.104725587253628
473.0,473.0000155378327,3.7735030590268925
474.0,474.00001557068225,3.9729798232637155
475.0,475.0000156035318,4.133812364452267
476.0,476.00001563638136,4.1733484238407925
477.0,477.0000156692309,3.9974255110876262
478.0,478.0000157020804,4.10424191172627
479.0,479.00001573492995,4.03305853893629
480.0,480.00001576777953,3.992444212482565
481.0,481.00001580062906,3.970461021762679
482.0,482.0000158334786,4.0147023851583485
483.0,483.0000158663281,3.940841788836714
484.0,484.0000158991777,3.874694995757613
485.0,485.0000159320272,3.8534718869237667
486.0,486.00001596487675,3.9479974752458635
487.0,487.0000159977263,3.972905231057926
488.0,488.0000160305758,3.864660908569132
489.0,489.0000160634254,3.724692276449263
490.0,490.0000160962749,3.919587499546968
491.0,491.00001612912445,3.914124763221234
492.0,492.000016161974,3.992367093692168
493.0,493.00001619482356,4.041919651559114
494.0,494.0000162276731,3.891114616173463
495.0,495.0000162605226,4.021082029420363
496.0,496.00001629337214,3.9607917096864442
497.0,497.0000163262217,3.9714803381412604
498.0,498.00001635907125,4.091023856231536
499.0,499.0000163919208,4.0906541070269915
500.0,500.0000164247703,4.129791083882674
501.0,501.00001645761984,4.0496972948703815
502.0,502.0000164904694,4.175198492910331
503.0,503.00001652331895,4.202356978900795
504.0,504.0000165561685,3.9931919256637567
505.0,505.000016589018,3.906434307384068
506.0,506.0000166218676,4.015143990174807
507.0,507.0000166547171,3.9391973048389897
508.0,508.00001668756664,4.019746168707909
509.0,509.00001672041617,4.030513389628843
510.0,510.00001675326575,3.986931197572448
511.0,511.0000167861153,3.958164307915178
512.0,512.0000168189648,3.9919680008003087
513.0,513.0000168518144,4.00635047169555
514.0,514.0000168846639,3.980751144717452
515.0,515.0000169175134,3.9046214795742453
516.0,516.0000169503629,4.017348704839619
517.0,517.0000169832125,4.2565375974090855
518.0,518.0000170160621,4.02430049992758
519.0,519.0000170489116,4.139301404187483
520.0,520.0000170817611,4.1166132950042575
521.0,521.0000171146107,3.9965397867242114
522.0,522.0000171474602,3.963951803869005
523.0,523.0000171803098,4.028890934245667
524.0,524.0000172131593,4.019254651840799
525.0,525.0000172460088,3.9609518480958688
526.0,526.0000172788584,4.023804239324802
527.0,527.0000173117079,3.910793484508139
528.0,528.0000173445575,4.182923409435827
529.0,529.000017377407,3.9750847099049484
530.0,530.0000174102565,3.8595738159003314
531.0,531.0000174431061,3.9627135982426105
532.0,532.0000174759556,3.9890064530941856
533.0,533.0000175088052,3.878798240059042
534.0,534.0000175416548,3.871454520709733
535.0,535.0000175745042,3.9211987972426887
536.0,536.0000176073538,4.04823040578433
537.0,537.0000176402033,3.9794729058649048
538.0,538.0000176730529,3.904907289056475
539.0,539.0000177059025,3.9198883613905626
540.0,540.0000177387519,3.9819521434101794
541.0,541.0000177716015,3.8759187642751027
542.0,542.000017804451,3.9539741216055835
543.0,543.0000178373006,3.8465498189877314
544.0,544.0000178701501,4.044265947133435
545.0,545.0000179029996,4.064338772732132
546.0,546.0000179358492,3.994504700374463
547.0,547.0000179686988,4.02861215541737
548.0,548.0000180015483,3.9897747528542253
549.0,549.0000180343978,4.073888010048993
550.0,550.0000180672473,4.110166028504904
551.0,551.0000181000969,4.240372578122327
552.0,552.0000181329465,3.9698160370910993
553.0,553.000018165796,4.047690037592388
554.0,554.0000181986455,3.995074543593272
555.0,555.000018231495,4.113340312922217
556.0,556.0000182643446,4.070355292518974
557.0,557.0000182971942,3.984333303012506
558.0,558.0000183300436,4.070044798011966
559.0,559.0000183628932,3.942121097477181
560.0,560.0000183957428,4.012634686735879
561.0,561.0000184285923,3.993736833800226
562.0,562.0000184614419,3.9758499138043697
563.0,563.0000184942913,3.8879543233924987
564.0,564.0000185271409,3.9606354334245792
565.0,565.0000185599905,4.05237075569156
566.0,566.00001859284,3.913108940106183
567.0,567.0000186256896,3.9459544806845543
568.0,568.000018658539,4.126716271826927
569.0,569.0000186913886,4.021004971281185
570.0,570.0000187242382,4.010394708088359
571.0,571.0000187570877,4.010978922154204
572.0,572.0000187899373,4.022720411715803
573.0,573.0000188227868,3.9994121234447415
574.0,574.0000188556363,4.116635809721676
575.0,575.0000188884859,3.883291286592629
576.0,576.0000189213354,4.133122913008345
577.0,577.000018954185,3.9948352485401073
578.0,578.0000189870345,4.008901992479504
579.0,579.000019019884,3.8685786769417883
580.0,580.0000190527336,3.848670236205954
581.0,581.0000190855831,3.832910053926398
582.0,582.0000191184326,3.9236810872258125
583.0,583.0000191512822,3.991509582117129
584.0,584.0000191841317,4.000642632385284
585.0,585.0000192169813,4.1135698175361854
586.0,586.0000192498309,3.8735583088464773
587.0,587.0000192826803,3.9651671476310923
588.0,588.0000193155299,3.8236469714501733
589.0,589.0000193483794,4.088907092543401
590.0,590.000019381229,4.237500001888783
591.0,591.0000194140786,4.201868301530881
592.0,592.000019446928,4.125172334262246
593.0,593.0000194797776,4.09562841220409
594.0,594.0000195126271,4.123118251946077
595.0,595.0000195454767,3.933279884547235
596.0,596.0000195783263,4.111333503544246
597.0,597.0000196111757,4.004751176375987
598.0,598.0000196440253,4.049838977461078
599.0,599.0000196768749,4.111352224931129
600.0,600.0000197097244,3.993273869339891
601.0,601.000019742574,4.091343319465244
602.0,602.0000197754234,4.089056864880209
603.0,603.000019808273,4.232275956091544
604.0,604.0000198411226,4.0127564422714785
605.0,605.0000198739721,3.894515598333357
606.0,606.0000199068216,4.129388414757603
607.0,607.0000199396711,3.9263672849787516
608.0,608.0000199725207,4.09211150673142
609.0,609.0000200053703,4.181306811271023
610.0,610.0000200382198,3.9453565445374834
611.0,611.0000200710693,3.9913930361960364
612.0,612.0000201039189,4.1175840499319145
613.0,613.0000201367684,4.175391433206459
614.0,614.000020169618,4.179758719932557
615.0,615.0000202024675,4.039124625965991
616.0,616.000020235317,4.069938603201124
617.0,617.0000202681666,3.952898279669182
618.0,618.0000203010161,3.807111613703617
619.0,619.0000203338657,3.8006665548640948
620.0,620.0000203667151,3.9778060995220743
621.0,621.0000203995647,4.099198244262832
622.0,622.0000204324143,4.127990189410238
623.0,623.0000204652638,4.255611356189641
624.0,624.0000204981134,3.9528762051389776
625.0,625.000020530963,4.099514895062324
626.0,626.0000205638124,4.06118502389335
627.0,627.000020596662,4.100118165171593
628.0,628.0000206295115,4.269713868957062
629.0,629.0000206623611,4.10112545288367
630.0,630.0000206952107,4.227255607787412
631.0,631.0000207280601,4.148092740859172
632.0,632.0000207609097,3.9776678895950166
633.0,633.0000207937592,4.215261018836974
634.0,634.0000208266088,4.032958439302088
635.0,635.0000208594583,4.096935902898261
636.0,636.0000208923078,4.107518549867014
637.0,637.0000209251574,4.120218075369839
638.0,638.000020958007,4.057757513057894
639.0,639.0000209908565,3.9736836152389237
640.0,640.000021023706,3.912612391615044
641.0,641.0000210565555,4.1389644993760415
642.0,642.0000210894051,4.114326585941683
643.0,643.0000211222547,4.152131246926401
644.0,644.0000211551042,3.939897508837403
645.0,645.0000211879537,4.105381892014998
646.0,646.0000212208032,4.286183647919178
647.0,647.0000212536528,4.214755416709593
648.0,648.0000212865024,4.09949875683836
649.0,649.0000213193518,4.198595282595036
650.0,650.0000213522014,4.15094903174833
651.0,651.000021385051,4.073955948091973
652.0,652.0000214179005,4.2009348447589145
653.0,653.0000214507501,4.200482474309162
654.0,654.0000214835995,4.112352590795506
655.0,655.0000215164491,4.246135204219669
656.0,656.0000215492987,4.033686535649163
657.0,657.0000215821482,4.138234204979004
658.0,658.0000216149978,4.146278028504656
659.0,659.0000216478472,4.130021923611267
660.0,660.0000216806968,4.218796433761729
661.0,661.0000217135464,4.035390221767529
662.0,662.0000217463959,4.108855456312623
663.0,663.0000217792455,3.941926611917053
664.0,664.000021812095,3.938428432016777
665.0,665.0000218449445,4.038861524962204
666.0,666.0000218777941,4.023676852281564
667.0,667.0000219106436,4.127658313627425
668.0,668.0000219434932,4.138105336225526
669.0,669.0000219763427,4.084174036773963
670.0,670.0000220091922,4.225433701601643
671.0,671.0000220420418,3.9993444141654293
672.0,672.0000220748913,4.052986186353889
673.0,673.0000221077408,4.178923787172834
674.0,674.0000221405904,4.069536047658944
675.0,675.0000221734399,4.048637260969759
676.0,676.0000222062895,4.13280884152174
677.0,677.0000222391391,4.146935974905421
678.0,678.0000222719885,4.10982131646173
679.0,679.0000223048381,4.13078292911903
680.0,680.0000223376876,3.9914188849418304
681.0,681.0000223705372,4.115197960292278
682.0,682.0000224033868,4.163201050224528
683.0,683.0000224362362,3.94842787288258
684.0,684.0000224690858,3.983707674554663
685.0,685.0000225019353,3.9582947792253185
686.0,686.0000225347849,4.019692762536758
687.0,687.0000225676345,4.0463906768112246
688.0,688.0000226004839,3.9837322989097723
689.0,689.0000226333335,4.093432019960497
690.0,690.0000226661831,4.100736381699829
691.0,691.0000226990326,3.8441513870014083
692.0,692.0000227318822,4.159740995670602
693.0,693.0000227647316,3.992816640059335
694.0,694.0000227975812,3.841170996861007
695.0,695.0000228304308,4.005468611062999
696.0,696.0000228632803,4.082429349393211
697.0,697.0000228961298,4.013220750693464
698.0,698.0000229289793,4.1598897397195405
699.0,699.0000229618289,4.0164799197823635
700.0,700.0000229946785,3.924245040945315
701.0,701.000023027528,4.0696725392811
702.0,702.0000230603775,3.953964779045774
703.0,703.0000230932271,4.05128166780357
704.0,704.0000231260766,3.8905231004398666
705.0,705.0000231589262,4.082811474067801
706.0,706.0000231917757,4.174215569381559
707.0,707.0000232246252,3.881559023972883
708.0,708.0000232574748,4.006409189626068
709.0,709.0000232903243,4.055240085933157
710.0,710.0000233231739,3.9975865317705694
711.0,711.0000233560233,4.077045628122851
712.0,712.0000233888729,4.116454576171754
713.0,713.0000234217225,4.096679177900603
714.0,714.000023454572,4.099198798470881
715.0,715.0000234874216,4.136430948864251
716.0,716.0000235202712,4.135550175772569
717.0,717.0000235531206,4.245028250811314
718.0,718.0000235859702,4.278148499792503
719.0,719.0000236188197,4.09080537155194
720.0,720.0000236516693,4.149716450437586
721.0,721.0000236845189,4.173585009128172
722.0,722.0000237173683,4.1151678277750765
723.0,723.0000237502179,4.217926022508323
724.0,724.0000237830674,4.113429297468525
725.0,725.000023815917,4.059598501890753
726.0,726.0000238487665,4.012995210282139
727.0,727.000023881616,4.155192913880849
728.0,728.0000239144656,4.045622514702652
729.0,729.0000239473152,4.080586267628838
730.0,730.0000239801647,4.057519018792931
731.0,731.0000240130142,4.125433838365375
732.0,732.0000240458637,4.038208264720301
733.0,733.0000240787133,4.201699362583257
734.0,734.0000241115629,3.9420824106371257
735.0,735.0000241444124,4.271230202656101
736.0,736.0000241772619,4.121516294008526
737.0,737.0000242101114,4.1436764716339285
738.0,738.000024242961,4.062264218636746
739.0,739.0000242758106,4.291122183538583
740.0,740.00002430866,4.187144619146272
741.0,741.0000243415096,4.247693593429372
742.0,742.0000243743592,4.063917578159003
743.0,743.0000244072087,4.283363564759209
744.0,744.0000244400583,4.180968905984793
745.0,745.0000244729077,4.270321171942122
746.0,746.0000245057573,4.318965870283725
747.0,747.0000245386069,4.278179186220138
748.0,748.0000245714564,4.192697490063353
749.0,749.000024604306,4.343407578757072
750.0,750.0000246371554,4.276905131231338
751.0,751.000024670005,4.250154082375199
752.0,752.0000247028546,4.106923142213918
753.0,753.0000247357041,4.041495461419677
754.0,754.0000247685537,3.9755453884047256
755.0,755.0000248014032,4.058021035475362
756.0,756.0000248342527,3.972080219146157
757.0,757.0000248671023,4.0034526272245925
758.0,758.0000248999518,4.034649226233442
759.0,759.0000249328014,4.0961818601919076
760.0,760.0000249656509,4.291836974710194
761.0,761.0000249985004,4.073918569567695
762.0,762.00002503135,4.136919544766423
763.0,763.0000250641995,4.13599336967602
764.0,764.000025097049,4.1546535142692935
765.0,765.0000251298986,4.09348928353273
766.0,766.0000251627481,4.122209135213261
767.0,767.0000251955977,4.054078950791861
768.0,768.0000252284472,4.108432792113199
769.0,769.0000252612967,4.145811764727313
770.0,770.0000252941463,4.042966863141566
771.0,771.0000253269958,4.137361649087045
772.0,772.0000253598454,3.9854781236184627
773.0,773.000025392695,4.1561905766467415
774.0,774.0000254255444,4.3455887208760915
775.0,775.000025458394,4.183537755054983
776.0,776.0000254912435,4.0621039583506064
777.0,777.0000255240931,4.053005928954657
778.0,778.0000255569427,4.046498720005689
779.0,779.0000255897921,3.9520849425872178
780.0,780.0000256226417,4.070338331704941
781.0,781.0000256554912,4.221423671763839
782.0,782.0000256883408,4.094395967073546
783.0,783.0000257211904,4.21525549559138
784.0,784.0000257540398,4.096578193489532
785.0,785.0000257868894,4.116393435888426
786.0,786.000025819739,4.096790220926708
787.0,787.0000258525885,4.070043060182396
788.0,788.000025885438,4.163874373295938
789.0,789.0000259182875,4.193991106393604
790.0,790.0000259511371,4.117947222352981
791.0,791.0000259839867,4.140367225523685
792.0,792.0000260168362,4.078711210081791
793.0,793.0000260496857,4.014744453996989
794.0,794.0000260825352,3.9454039691847997
795.0,795.0000261153848,3.8783053215513004
796.0,796.0000261482344,3.912995772372511
797.0,797.0000261810839,4.1620410183788055
798.0,798.0000262139334,4.137054542369111
799.0,799.000026246783,4.010288657022681
800.0,800.0000262796325,4.082432441199402
801.0,801.0000263124821,4.096935654233244
802.0,802.0000263453315,3.982790908840716
803.0,803.0000263781811,4.01304628750812
804.0,804.0000264110307,4.051142328454931
805.0,805.0000264438802,3.983391214152106
806.0,806.0000264767298,3.923340254085176
807.0,807.0000265095792,4.116210882390515
808.0,808.0000265424288,4.093290586180496
809.0,809.0000265752784,4.049286560348545
810.0,810.0000266081279,4.18630029016568
811.0,811.0000266409775,4.074248448031539
812.0,812.000026673827,4.054296573895435
813.0,813.0000267066765,3.9429075413187142
814.0,814.0000267395261,3.9315862307185263
815.0,815.0000267723756,4.135147151027801
816.0,816.0000268052252,4.230645428991413
817.0,817.0000268380747,4.292021645052712
818.0,818.0000268709242,4.186671047741583
819.0,819.0000269037738,4.165969673351931
820.0,820.0000269366233,4.046988244275243
821.0,821.0000269694729,4.193366307797998
822.0,822.0000270023224,4.084528541571572
823.0,823.0000270351719,4.0697734209382235
824.0,824.0000270680215,4.253604445471916
825.0,825.0000271008711,4.070491173922769
826.0,826.0000271337206,4.218157493274339
827.0,827.0000271665701,4.1299440926119475
828.0,828.0000271994196,4.025398914261261
829.0,829.0000272322692,3.96665000742529
830.0,830.0000272651188,4.055420309671623
831.0,831.0000272979682,4.065456248706944
832.0,832.0000273308178,3.852203075433355
833.0,833.0000273636673,3.9699971713750966
834.0,834.0000273965169,3.8409085195756196
835.0,835.0000274293665,4.2087555768365865
836.0,836.0000274622159,4.2396754341384915
837.0,837.0000274950655,4.114861509203647
838.0,838.0000275279151,4.010489712703155
839.0,839.0000275607646,4.005210899507652
840.0,840.0000275936142,4.10134891575469
841.0,841.0000276264636,4.282058496668785
842.0,842.0000276593132,4.1354835038027025
843.0,843.0000276921628,4.097801328711091
844.0,844.0000277250123,4.05069896753155
845.0,845.0000277578619,4.089270911397795
846.0,846.0000277907113,4.024736298762749
847.0,847.0000278235609,3.9607307457868126
848.0,848.0000278564105,4.155841932161069
849.0,849.00002788926,4.166306580842562
850.0,850.0000279221096,4.167661803802141
851.0,851.0000279549591,4.087064501908644
852.0,852.0000279878086,4.301748251735354
853.0,853.0000280206582,4.1643049121668545
854.0,854.0000280535077,4.182686195099336
855.0,855.0000280863572,4.1133037715973755
856.0,856.0000281192068,4.21070153017734
857.0,857.0000281520563,4.052458127642073
858.0,858.0000281849059,4.00995921389833
859.0,859.0000282177554,4.0682170184470685
860.0,860.0000282506049,4.029127462133615
861.0,861.0000282834545,4.075596745534182
862.0,862.000028316304,3.9916755631300984
863.0,863.0000283491536,3.9837016768618696
864.0,864.0000283820032,3.984952868219962
865.0,865.0000284148526,4.028570185555105
866.0,866.0000284477022,4.008149103533644
867.0,867.0000284805517,4.067526070217473
868.0,868.0000285134013,4.117907842990972
869.0,869.0000285462509,3.9322381619910693
870.0,870.0000285791003,3.7944953062118283
871.0,871.0000286119499,3.724157841031011
872.0,872.0000286447994,3.993001428896658
873.0,873.000028677649,4.0334869029975655
874.0,874.0000287104986,3.939505095444109
875.0,875.000028743348,4.054128375146296
876.0,876.0000287761976,4.1855740635410905
877.0,877.0000288090472,4.262289930362059
878.0,878.0000288418967,4.164865227227674
879.0,879.0000288747462,4.266876824120245
880.0,880.0000289075957,3.8577223813469654
881.0,881.0000289404453,4.105572889124836
882.0,882.0000289732949,4.116618425276243
883.0,883.0000290061444,4.245963816129606
884.0,884.000029038994,4.112381120572893
885.0,885.0000290718434,3.8656986952393866
886.0,886.000029104693,3.964670037340912
887.0,887.0000291375426,3.966707451653831
888.0,888.000029170392,3.927713857664543
889.0,889.0000292032416,4.067384764664962
890.0,890.0000292360912,3.9993714995492615
891.0,891.0000292689407,3.962132640918816
892.0,892.0000293017903,4.145255091795641
893.0,893.0000293346397,4.052667627448702
894.0,894.0000293674893,3.9639624403370126
895.0,895.0000294003389,3.9664348960392712
896.0,896.0000294331884,4.2240566619536475
897.0,897.000029466038,4.1262379863357515
898.0,898.0000294988874,4.149924658351741
899.0,899.000029531737,4.065593470821775
900.0,900.0000295645866,4.051052000339332
901.0,901.0000295974361,4.125543044638462
902.0,902.0000296302857,3.9820157484427297
903.0,903.0000296631353,4.060560310667698
904.0,904.0000296959847,4.256695873417342
905.0,905.0000297288343,4.301705551784758
906.0,906.0000297616838,4.144825245068589
907.0,907.0000297945334,4.1479371514989305
908.0,908.000029827383,4.230586093968837
909.0,909.0000298602324,4.31292615341194
910.0,910.000029893082,4.165908151879492
911.0,911.0000299259315,4.168736269124096
912.0,912.000029958781,4.041423281031769
913.0,913.0000299916306,4.033222223690803
914.0,914.0000300244801,4.0930106289663355
915.0,915.0000300573297,4.073830000608808
916.0,916.0000300901793,4.199522362613194
917.0,917.0000301230288,4.206865667484589
918.0,918.0000301558783,4.06781835878059
919.0,919.0000301887278,4.139004044995522
920.0,920.0000302215774,4.132734324945919
921.0,921.000030254427,4.215727068938897
922.0,922.0000302872764,4.03070128833494
923.0,923.000030320126,3.9588593426654293
924.0,924.0000303529755,4.151003016832795
925.0,925.0000303858251,4.07935912152557
926.0,926.0000304186747,4.113394327773156
927.0,927.0000304515241,4.175643194225701
928.0,928.0000304843737,4.2173058346808014
929.0,929.0000305172233,4.014497017381736
930.0,930.0000305500728,4.125298553736691
931.0,931.0000305829224,4.060786127641866
932.0,932.0000306157718,4.073369877295121
933.0,933.0000306486214,4.152441552808107
934.0,934.000030681471,4.082759103521161
935.0,935.0000307143205,4.331641296561445
936.0,936.0000307471701,4.195458809439978
937.0,937.0000307800195,3.9502866541747403
938.0,938.0000308128691,3.966813390691141
939.0,939.0000308457187,3.9012200141044535
940.0,940.0000308785682,3.824610302412419
941.0,941.0000309114178,4.044659131223052
942.0,942.0000309442673,4.0247147994426875
943.0,943.0000309771168,3.9531375393477926
944.0,944.0000310099664,4.068947884290518
945.0,945.0000310428159,3.9694046277078794
946.0,946.0000310756654,4.031340219381114
947.0,947.000031108515,4.026642114498908
948.0,948.0000311413645,3.931736064096598
949.0,949.0000311742141,3.9620771514362647
950.0,950.0000312070636,4.098611351103068
951.0,951.0000312399131,4.052203359027865
952.0,952.0000312727627,4.1777920281706304
953.0,953.0000313056122,4.084633485256347
954.0,954.0000313384618,4.083146706929015
955.0,955.0000313713114,4.244577375872116
956.0,956.0000314041608,4.190352569006168
957.0,957.0000314370104,3.985749985318628
958.0,958.0000314698599,4.142442977645664
959.0,959.0000315027095,3.9622293058260163
960.0,960.0000315355591,4.082460527885197
961.0,961.0000315684085,4.030399557843534
962.0,962.0000316012581,4.045323302107573
963.0,963.0000316341076,4.040396917901836
964.0,964.0000316669572,3.9920687111348774
965.0,965.0000316998068,4.110847654102095
966.0,966.0000317326562,4.077024403628346
967.0,967.0000317655058,3.79376094025244
968.0,968.0000317983554,4.096969364768611
969.0,969.0000318312049,4.216937791503164
970.0,970.0000318640544,4.034845166418573
971.0,971.0000318969039,4.264320100934184
972.0,972.0000319297535,4.234044914873995
973.0,973.0000319626031,4.254812767596394
974.0,974.0000319954526,4.061600948278818
975.0,975.0000320283021,4.020921187942253
976.0,976.0000320611516,4.088692132490578
977.0,977.0000320940012,4.061880791651721
978.0,978.0000321268508,3.985912647868055
979.0,979.0000321597003,4.1359789263039035
980.0,980.0000321925498,4.111028044284238
981.0,981.0000322253994,4.049714747703242
982.0,982.0000322582489,3.979779706533178
983.0,983.0000322910985,4.08479030709139
984.0,984.000032323948,4.202332727312829
985.0,985.0000323567975,4.062739406673532
986.0,986.0000323896471,4.137011621621271
987.0,987.0000324224966,3.9706971288451354
988.0,988.0000324553462,4.078648382137183
989.0,989.0000324881956,4.143446245460868
990.0,990.0000325210452,4.015190752476039
991.0,991.0000325538948,4.278734286739926
992.0,992.0000325867443,4.239032255954716
993.0,993.0000326195939,4.209367176747068
994.0,994.0000326524435,4.085023064949797
995.0,995.0000326852929,4.063629284996462
996.0,996.0000327181425,4.145576677028236
997.0,997.000032750992,4.244821744720716
998.0,998.0000327838416,4.135594982659916
999.0,999.0000328166911,4.143465510489819
1000.0,1000.0000328495406,4.2922045054442775
1001.0,1001.0000328823902,4.222694757546959
1002.0,1002.0000329152397,4.046946867316763
1003.0,1003.0000329480893,4.141959601530778
1004.0,1004.0000329809388,4.15340810272811
1005.0,1005.0000330137883,3.955358202710964
1006.0,1006.0000330466379,3.9687724893939147
1007.0,1007.0000330794875,3.9330057778407874
1008.0,1008.000033112337,3.9287523004145397
1009.0,1009.0000331451865,4.138240457404013
1010.0,1010.000033178036,4.173958783720323
1011.0,1011.0000332108856,4.299464861558979
1012.0,1012.0000332437352,4.174068361870463
1013.0,1013.0000332765846,4.136553768458452
1014.0,1014.0000333094342,4.078463854763831
1015.0,1015.0000333422837,4.1422942644393705
1016.0,1016.0000333751333,4.233763437745216
1017.0,1017.0000334079829,3.96280376757079
1018.0,1018.0000334408323,4.147771073059215
1019.0,1019.0000334736819,4.104511488111404
1020.0,1020.0000335065315,4.018160144960693
1021.0,1021.000033539381,4.079587132513433
1022.0,1022.0000335722306,4.083635172287227
1023.0,1023.00003360508,4.165253062502761
1024.0,1024.0000336379296,4.169723221990158
1025.0,1025.0000336707792,4.2355145780662875
1026.0,1026.0000337036288,4.194337175463701
1027.0,1027.0000337364781,4.09683691996628
1028.0,1028.0000337693277,4.395786531075835
1029.0,1029.0000338021773,4.273908776839657
1030.0,1030.000033835027,4.144464788588755
1031.0,1031.0000338678765,4.308231135885494
1032.0,1032.0000339007258,4.326148979696192
1033.0,1033.0000339335754,4.267717842389844
1034.0,1034.000033966425,4.154294332068719
1035.0,1035.0000339992746,4.419266637714455
1036.0,1036.0000340321242,4.300885619118528
1037.0,1037.0000340649735,4.146280187007525
1038.0,1038.0000340978231,4.307554438056025
1039.0,1039.0000341306727,4.3034278577984395
1040.0,1040.0000341635223,4.222174991448767
1041.0,1041.0000341963719,4.114251982037837
1042.0,1042.0000342292215,4.133398691107183
1043.0,1043.0000342620708,4.158397505402424
1044.0,1044.0000342949204,4.114266642975564
1045.0,1045.00003432777,4.103885024951685
1046.0,1046.0000343606196,4.131159479635383
1047.0,1047.0000343934692,4.237378565618262
1048.0,1048.0000344263185,4.024607012122722
1049.0,1049.000034459168,3.9794802581367694
1050.0,1050.0000344920177,4.110709526506669
1051.0,1051.0000345248673,4.146649942376987
1052.0,1052.0000345577168,4.173095505486984
1053.0,1053.0000345905662,4.359061719685009
1054.0,1054.0000346234158,4.355735627982386
1055.0,1055.0000346562654,4.379610718488817
1056.0,1056.000034689115,4.258941323900041
1057.0,1057.0000347219645,4.243542675768405
1058.0,1058.000034754814,4.404305941519045
1059.0,1059.0000347876635,4.136614372980721
1060.0,1060.000034820513,4.075522583578966
1061.0,1061.0000348533626,4.225515481525831
1062.0,1062.0000348862122,4.00921063158021
1063.0,1063.0000349190616,4.147674156301299
1064.0,1064.0000349519112,4.30828404758296
1065.0,1065.0000349847608,4.083093298317599
1066.0,1066.0000350176103,4.259715675014618
1067.0,1067.00003505046,4.141197729662795
1068.0,1068.0000350833095,4.06033523410698
1069.0,1069.0000351161589,4.077910133444329
1070.0,1070.0000351490085,4.078391295496457
1071.0,1071.000035181858,4.033805242729714
1072.0,1072.0000352147076,4.0696395868071145
1073.0,1073.0000352475572,4.173267524195174
1074.0,1074.0000352804066,4.085243878599439
1075.0,1075.0000353132561,4.274405331981057
1076.0,1076.0000353461057,4.143298317866804
1077.0,1077.0000353789553,3.952228608371554
1078.0,1078.000035411805,4.098160587738974
1079.0,1079.0000354446543,4.183391804651471
1080.0,1080.0000354775038,4.010309495651624
1081.0,1081.0000355103534,4.034707269452287
1082.0,1082.000035543203,4.133862735498739
1083.0,1083.0000355760526,4.116018749472503
1084.0,1084.000035608902,4.200060218288865
1085.0,1085.0000356417515,4.267816392764732
1086.0,1086.0000356746011,4.324023181993398
1087.0,1087.0000357074507,4.33747322216525
1088.0,1088.0000357403003,4.118779626033102
1089.0,1089.0000357731496,4.258735566717638
1090.0,1090.0000358059992,4.166678554628207
1091.0,1091.0000358388488,4.312613483590781
1092.0,1092.0000358716984,4.241191376498931
1093.0,1093.000035904548,4.421393088399175
1094.0,1094.0000359373976,4.24928958932314
1095.0,1095.000035970247,4.537486267708894
1096.0,1096.0000360030965,4.269670956177348
1097.0,1097.000036035946,4.187658921992007
1098.0,1098.0000360687957,4.1322299113369505
1099.0,1099.0000361016453,4.395314541359786
1100.0,1100.0000361344946,4.257744525114122
1101.0,1101.0000361673442,4.126077643645797
1102.0,1102.0000362001938,4.370190170409067
1103.0,1103.0000362330434,4.276533045731512
1104.0,1104.000036265893,4.444469442435186
1105.0,1105.0000362987423,4.2616095221118995
1106.0,1106.000036331592,4.259120368212646
1107.0,1107.0000363644415,4.358653973011123
1108.0,1108.000036397291,4.264140434061512
1109.0,1109.0000364301407,4.237785261696347
1110.0,1110.00003646299,4.116361582996853
1111.0,1111.0000364958396,4.08056692303023
1112.0,1112.0000365286892,4.130585851707244
1113.0,1113.0000365615388,4.342904581877847
1114.0,1114.0000365943883,4.1662810878075405
1115.0,1115.0000366272377,4.043461704682886
1116.0,1116.0000366600873,4.023089209681208
1117.0,1117.0000366929369,3.9561752219265025
1118.0,1118.0000367257865,4.05935772226121
1119.0,1119.000036758636,3.860639422960031
1120.0,1120.0000367914856,3.918368544322462
1121.0,1121.000036824335,3.9376614031069628
1122.0,1122.0000368571846,3.9336535317503643
1123.0,1123.0000368900342,3.85236339549076
1124.0,1124.0000369228837,3.777204971183657
1125.0,1125.0000369557333,3.811410758853647
1126.0,1126.0000369885827,3.9320783944683977
1127.0,1127.0000370214323,3.7792359160086124
1128.0,1128.0000370542818,3.894946169966606
1129.0,1129.0000370871314,3.9194789060285027
1130.0,1130.000037119981,3.875871814037208
1131.0,1131.0000371528304,3.8869976313562224
1132.0,1132.00003718568,3.7847661530274155
1133.0,1133.0000372185295,3.8401966217360415
1134.0,1134.0000372513791,4.015414029600278
1135.0,1135.0000372842287,3.843604952067627
1136.0,1136.000037317078,3.7594581708842507
1137.0,1137.0000373499277,3.7674592676028213
1138.0,1138.0000373827772,3.729905487289041
1139.0,1139.0000374156268,3.9007027242844607
1140.0,1140.0000374484764,3.852715001679637
1141.0,1141.0000374813258,3.899750369314193
1142.0,1142.0000375141753,3.9103973131702667
1143.0,1143.000037547025,4.188490107145354
1144.0,1144.0000375798745,3.911258351955255
1145.0,1145.000037612724,3.824197367345319
1146.0,1146.0000376455737,3.8370333697659214
1147.0,1147.000037678423,3.8245972220573012
1148.0,1148.0000377112726,4.018642015375185
1149.0,1149.0000377441222,4.028103688084028
1150.0,1150.0000377769718,4.013176142207463
1151.0,1151.0000378098214,4.141320530759607
1152.0,1152.0000378426707,4.044755235791582
1153.0,1153.0000378755203,3.9370951194614814
1154.0,1154.00003790837,3.981820496780268
1155.0,1155.0000379412195,3.8871427870601307
1156.0,1156.000037974069,3.774934617831408
1157.0,1157.0000380069184,3.70350319609822
1158.0,1158.000038039768,3.9614495219389343
1159.0,1159.0000380726176,3.839448013331807
1160.0,1160.0000381054672,3.933127037714819
1161.0,1161.0000381383168,4.00443553670243
1162.0,1162.0000381711661,3.9715749306024426
1163.0,1163.0000382040157,4.005493856529016
1164.0,1164.0000382368653,3.948572140258462
1165.0,1165.0000382697149,4.285269946418608
1166.0,1166.0000383025645,4.166350051087332
1167.0,1167.0000383354138,4.202099955101316
1168.0,1168.0000383682634,4.2044407794587615
1169.0,1169.000038401113,4.297186809395039
1170.0,1170.0000384339626,4.222942702180557
1171.0,1171.0000384668122,4.1522494036933555
1172.0,1172.0000384996617,4.240170994979163
1173.0,1173.000038532511,4.113194009098389
1174.0,1174.0000385653607,4.261848479077173
1175.0,1175.0000385982103,4.083315197464321
1176.0,1176.0000386310599,4.1541815109949125
1177.0,1177.0000386639094,3.962444275629379
1178.0,1178.0000386967588,3.9868202890826545
1179.0,1179.0000387296084,4.0128821345176755
1180.0,1180.000038762458,4.034641059838195
1181.0,1181.0000387953075,4.133878228190452
1182.0,1182.0000388281571,4.146898013013013
1183.0,1183.0000388610065,4.111148634890939
1184.0,1184.000038893856,3.9975500648699955
1185.0,1185.0000389267057,3.9612601833148298
1186.0,1186.0000389595552,4.156480501268731
1187.0,1187.0000389924048,4.111056288076403
1188.0,1188.0000390252542,4.229265568852155
1189.0,1189.0000390581038,4.204751224633113
1190.0,1190.0000390909534,3.928594055014022
1191.0,1191.000039123803,4.01628176418
1192.0,1192.0000391566525,3.9972394862923553
1193.0,1193.0000391895019,4.030373886109736
1194.0,1194.0000392223515,3.9946116423905798
1195.0,1195.000039255201,4.489846250359199
1196.0,1196.0000392880506,4.332607141908963
1197.0,1197.0000393209002,4.371977652865362
1198.0,1198.0000393537498,4.366318827175316
1199.0,1199.0000393865992,4.255531036489895
1200.0,1200.0000394194487,4.106022417628761
1201.0,1201.0000394522983,4.064511998729202
1202.0,1202.000039485148,3.8737178179746508
1203.0,1203.0000395179975,4.183090901083626
1204.0,1204.0000395508469,4.235116619073414
1205.0,1205.0000395836964,4.061936347692302
1206.0,1206.000039616546,4.046652014339238
1207.0,1207.0000396493956,4.025853675751116
1208.0,1208.0000396822452,3.8940997673037585
1209.0,1209.0000397150945,3.9630400032326447
1210.0,1210.0000397479441,4.074612837013691
1211.0,1211.0000397807937,4.020503512600951
1212.0,1212.0000398136433,4.028513488020415
1213.0,1213.0000398464929,4.176093946747884
1214.0,1214.0000398793422,4.166915176880098
1215.0,1215.0000399121918,4.051605457662575
1216.0,1216.0000399450414,4.049706678664647
1217.0,1217.000039977891,3.9131435407401227
1218.0,1218.0000400107406,4.145730018304673
1219.0,1219.00004004359,4.126658832454736
1220.0,1220.0000400764395,4.192256997578111
1221.0,1221.000040109289,4.116542324112982
1222.0,1222.0000401421387,4.134549111282409
1223.0,1223.0000401749883,4.089438949838465
1224.0,1224.0000402078379,4.169745078924824
1225.0,1225.0000402406872,4.375745079983681
1226.0,1226.0000402735368,4.231034589860407
1227.0,1227.0000403063864,4.252332438208124
1228.0,1228.000040339236,4.27242140628756
1229.0,1229.0000403720856,4.221758002995037
1230.0,1230.000040404935,4.119543597405667
1231.0,1231.0000404377845,4.180847071530958
1232.0,1232.000040470634,4.240564495932831
1233.0,1233.0000405034837,4.218972760080866
1234.0,1234.0000405363332,4.175880213522092
1235.0,1235.0000405691826,4.23816773371055
1236.0,1236.0000406020322,4.254616976698037
1237.0,1237.0000406348818,4.267748725681847
1238.0,1238.0000406677314,4.071128306168651
1239.0,1239.000040700581,4.249771966490282
1240.0,1240.0000407334303,4.366676521276745
1241.0,1241.0000407662799,4.17629323315077
1242.0,1242.0000407991295,4.071705086850203
1243.0,1243.000040831979,4.041176287732233
1244.0,1244.0000408648286,4.18113166761959
1245.0,1245.000040897678,4.1300080091684235
1246.0,1246.0000409305276,4.190860827260986
1247.0,1247.0000409633772,4.30417277286832
1248.0,1248.0000409962267,4.316871671470351
1249.0,1249.0000410290763,4.3585209993096425
1250.0,1250.000041061926,4.25885131395038
1251.0,1251.0000410947753,4.264880550932446
1252.0,1252.0000411276249,4.195267751203452
1253.0,1253.0000411604744,4.260372541194788
1254.0,1254.000041193324,4.137228661468414
1255.0,1255.0000412261736,4.304211599966868
1256.0,1256.000041259023,4.057902515371386
1257.0,1257.0000412918725,4.102175482052049
1258.0,1258.0000413247221,4.293380908819809
1259.0,1259.0000413575717,4.113210062000503
1260.0,1260.0000413904213,4.188068103845176
1261.0,1261.0000414232707,4.263390943235039
1262.0,1262.0000414561202,4.166299017803728
1263.0,1263.0000414889698,4.229204734828109
1264.0,1264.0000415218194,4.317165734125052
1265.0,1265.000041554669,4.272402760387913
1266.0,1266.0000415875184,4.3337203996420675
1267.0,1267.000041620368,4.465991517313501
1268.0,1268.0000416532175,4.316827922313015
1269.0,1269.000041686067,4.260598698471702
1270.0,1270.0000417189167,4.2571029676928775
1271.0,1271.000041751766,4.167923780660604
1272.0,1272.0000417846156,4.1030518505037845
1273.0,1273.0000418174652,4.078840993385847
1274.0,1274.0000418503148,4.215614105021367
1275.0,1275.0000418831644,4.241091371843634
1276.0,1276.000041916014,4.088968180389769
1277.0,1277.0000419488633,4.025231742403805
1278.0,1278.000041981713,4.140208956437709
1279.0,1279.0000420145625,4.2636871462392945
1280.0,1280.000042047412,4.248849906963925
1281.0,1281.0000420802617,4.059422291558292
1282.0,1282.000042113111,4.217919343070616
1283.0,1283.0000421459606,4.193111493740822
1284.0,1284.0000421788102,4.139725636155692
1285.0,1285.0000422116598,4.210546826809729
1286.0,1286.0000422445094,4.037699399394496
1287.0,1287.0000422773587,3.9549118534700076
1288.0,1288.0000423102083,4.197329557613287
1289.0,1289.0000423430579,4.001436038487376
1290.0,1290.0000423759075,4.114161436440411
1291.0,1291.000042408757,4.056004963207645
1292.0,1292.0000424416064,4.2047127776278375
1293.0,1293.000042474456,4.4109189135364755
1294.0,1294.0000425073056,4.315806599686476
1295.0,1295.0000425401552,4.147271127770074
1296.0,1296.0000425730047,4.119275473374936
1297.0,1297.000042605854,4.188725373456485
1298.0,1298.0000426387037,4.238556813961518
1299.0,1299.0000426715533,4.283818975503589
1300.0,1300.0000427044029,4.251821724767102
1301.0,1301.0000427372524,4.214225120257615
1302.0,1302.000042770102,4.212743187123954
1303.0,1303.0000428029514,4.1918980449837475
1304.0,1304.000042835801,4.365912730762768
1305.0,1305.0000428686506,4.349647016188267
1306.0,1306.0000429015001,4.2452638980509105
1307.0,1307.0000429343497,4.121207076746966
1308.0,1308.000042967199,4.246500554510487
1309.0,1309.0000430000487,4.154583571136029
1310.0,1310.0000430328982,4.006433640340088
1311.0,1311.0000430657478,4.082113183259368
1312.0,1312.0000430985974,4.08476825948606
1313.0,1313.0000431314468,4.220084325851676
1314.0,1314.0000431642964,4.377960528497126
1315.0,1315.000043197146,4.190012452984266
1316.0,1316.0000432299955,4.139234332769945
1317.0,1317.000043262845,4.55405600736502
1318.0,1318.0000432956945,4.358882052832879
1319.0,1319.000043328544,4.325957756230086
1320.0,1320.0000433613936,4.334402502247534
1321.0,1321.0000433942432,4.338090676411194
1322.0,1322.0000434270928,4.287267182232949
1323.0,1323.0000434599422,4.016851679682645
1324.0,1324.0000434927917,4.332928724312101
1325.0,1325.0000435256413,4.30806897739393
1326.0,1326.000043558491,4.2520286062926775
1327.0,1327.0000435913405,4.122126470273803
1328.0,1328.00004362419,4.314778304198999
1329.0,1329.0000436570394,4.251125829285623
1330.0,1330.000043689889,4.19635232130649
1331.0,1331.0000437227386,4.143365239868106
1332.0,1332.0000437555882,4.153955278016592
1333.0,1333.0000437884378,4.2094050435048995
1334.0,1334.0000438212871,4.345244197053581
1335.0,1335.0000438541367,4.1646946960812254
1336.0,1336.0000438869863,4.290207277260261
1337.0,1337.000043919836,4.188175270782656
1338.0,1338.0000439526855,4.271165256777846
1339.0,1339.0000439855348,4.092248359751749
1340.0,1340.0000440183844,4.086737054486272
1341.0,1341.000044051234,4.278320491930887
1342.0,1342.0000440840836,4.110854788743989
1343.0,1343.0000441169332,4.127706833964496
1344.0,1344.0000441497825,4.009171470952011
1345.0,1345.000044182632,4.073146247946143
1346.0,1346.0000442154817,3.9519412449962363
1347.0,1347.0000442483313,4.113431540303782
1348.0,1348.0000442811809,4.029296005843811
1349.0,1349.0000443140302,3.9465345208765874
1350.0,1350.0000443468798,4.042494388135597
1351.0,1351.0000443797294,3.9740988610232435
1352.0,1352.000044412579,4.292476328629132
1353.0,1353.0000444454286,4.1280833988971075
1354.0,1354.0000444782781,3.9572579733990265
1355.0,1355.0000445111275,4.076456881936603
1356.0,1356.000044543977,3.9816498324903997
1357.0,1357.0000445768267,4.086271214189501
1358.0,1358.0000446096763,3.970788193999211
1359.0,1359.0000446425258,4.036737465628795
1360.0,1360.0000446753752,4.019243560401955
1361.0,1361.0000447082248,4.016351655806931
1362.0,1362.0000447410744,4.256375354303737
1363.0,1363.000044773924,4.201388715826718
1364.0,1364.0000448067735,4.098829115378097
1365.0,1365.000044839623,4.386833815821785
1366.0,1366.0000448724725,4.175825693032561
1367.0,1367.000044905322,4.305358334814667
1368.0,1368.0000449381716,4.246921740541291
1369.0,1369.0000449710212,4.27879648420869
1370.0,1370.0000450038706,4.277313859889291
1371.0,1371.0000450367202,4.094154396853171
1372.0,1372.0000450695698,4.110691681077547
1373.0,1373.0000451024193,4.081350088172677
1374.0,1374.000045135269,4.301462647426722
1375.0,1375.0000451681183,4.1591058546163255
1376.0,1376.0000452009679,4.167292280315323
1377.0,1377.0000452338174,4.255890852045163
1378.0,1378.000045266667,4.093408876569776
1379.0,1379.0000452995166,4.087440456860563
1380.0,1380.0000453323662,4.232268364424814
1381.0,1381.0000453652156,4.012715305685527
1382.0,1382.0000453980651,4.136498023950451
1383.0,1383.0000454309147,4.1737324935887
1384.0,1384.0000454637643,4.218348595289482
1385.0,1385.000045496614,4.068042478648908
1386.0,1386.0000455294633,4.251441613078271
1387.0,1387.0000455623128,4.181178341007246
1388.0,1388.0000455951624,4.208649816923558
1389.0,1389.000045628012,4.304694119260137
1390.0,1390.0000456608616,4.3230042697532856
1391.0,1391.000045693711,3.9529078660974335
1392.0,1392.0000457265605,4.093291750208412
1393.0,1393.00004575941,4.023492239348931
1394.0,1394.0000457922597,4.172299860053247
1395.0,1395.0000458251093,4.193085770774551
1396.0,1396.0000458579586,4.320410630625314
1397.0,1397.0000458908082,4.136486195793079
1398.0,1398.0000459236578,4.159393599549363
1399.0,1399.0000459565074,4.1526620815384
1400.0,1400.000045989357,4.033819856457784
1401.0,1401.0000460222063,4.000379345416204
1402.0,1402.000046055056,4.048435671156956
1403.0,1403.0000460879055,3.995293712071674
1404.0,1404.000046120755,4.071770240745022
1405.0,1405.0000461536047,4.107099140870524
1406.0,1406.0000461864543,4.11843723032969
1407.0,1407.0000462193036,4.207425739114472
1408.0,1408.0000462521532,4.042463970019832
1409.0,1409.0000462850028,4.062177494437718
1410.0,1410.0000463178524,4.065981604774793
1411.0,1411.000046350702,4.0266005946516215
1412.0,1412.0000463835513,4.006567526419073
1413.0,1413.000046416401,3.986942866890211
1414.0,1414.0000464492505,4.250672423755219
1415.0,1415.0000464821,4.253008947872938
1416.0,1416.0000465149496,4.1494313818534
1417.0,1417.000046547799,4.046254367336825
1418.0,1418.0000465806486,4.074036900554487
1419.0,1419.0000466134982,3.993175776437569
1420.0,1420.0000466463478,4.063831003733796
1421.0,1421.0000466791973,4.0296130314656295
1422.0,1422.0000467120467,3.887026345397657
1423.0,1423.0000467448963,3.978908345687594
1424.0,1424.0000467777459,3.9645394502880964
1425.0,1425.0000468105954,4.067217001944026
1426.0,1426.000046843445,4.098085688982824
1427.0,1427.0000468762944,4.0559236388431
1428.0,1428.000046909144,3.9536823182116936
1429.0,1429.0000469419936,4.06853187360292
1430.0,1430.0000469748431,4.243354721551737
1431.0,1431.0000470076927,4.270301689459879
1432.0,1432.0000470405423,4.204196483665257
1433.0,1433.0000470733917,4.264996884289997
1434.0,1434.0000471062413,4.177035189712836
1435.0,1435.0000471390908,4.101268690942164
1436.0,1436.0000471719404,3.9305301690399803
1437.0,1437.00004720479,4.1005500212776544
1438.0,1438.0000472376394,4.258149028866343
1439.0,1439.000047270489,4.11243671565385
1440.0,1440.0000473033385,4.22414190584822
1441.0,1441.0000473361881,4.157797376543904
1442.0,1442.0000473690377,4.02286118124338
1443.0,1443.000047401887,4.10402027009185
1444.0,1444.0000474347366,4.062181456032499
1445.0,1445.0000474675862,4.109650940408218
1446.0,1446.0000475004358,4.0900677943796
1447.0,1447.0000475332854,4.2197199716207
1448.0,1448.0000475661348,4.168358458053118
1449.0,1449.0000475989843,3.9976319721610687
1450.0,1450.000047631834,4.188000582374754
1451.0,1451.0000476646835,4.140271285778583
1452.0,1452.000047697533,4.063186231604665
1453.0,1453.0000477303824,4.128807261421128
1454.0,1454.000047763232,4.065160756809403
1455.0,1455.0000477960816,4.165663290535749
1456.0,1456.0000478289312,4.001137481377829
1457.0,1457.0000478617808,4.091183092567561
1458.0,1458.0000478946304,3.9340962255541303
1459.0,1459.0000479274797,4.009523520437371
1460.0,1460.0000479603293,3.9353338353188216
1461.0,1461.000047993179,3.8259290331621867
1462.0,1462.0000480260285,3.915013328810928
1463.0,1463.000048058878,3.961708219004378
1464.0,1464.0000480917274,3.977656867445235
1465.0,1465.000048124577,3.9534059733000158
1466.0,1466.0000481574266,4.077538297150108
1467.0,1467.0000481902762,3.8703714636770643
1468.0,1468.0000482231258,4.034282505414199
1469.0,1469.0000482559751,4.0757131420715265
1470.0,1470.0000482888247,3.943981721947247
1471.0,1471.0000483216743,3.97820600392307
1472.0,1472.0000483545239,4.090524151309995
1473.0,1473.0000483873735,3.964488654837185
1474.0,1474.0000484202228,3.988866871765134
1475.0,1475.0000484530724,3.8711032804139967
1476.0,1476.000048485922,3.98064717758592
1477.0,1477.0000485187716,3.8883335764622333
1478.0,1478.0000485516211,3.925724606333733
1479.0,1479.0000485844705,4.0216321409860925
1480.0,1480.00004861732,3.8962422119681848
1481.0,1481.0000486501697,3.974619677471611
1482.0,1482.0000486830193,3.9386199631176533
1483.0,1483.0000487158688,3.984112616590245
1484.0,1484.0000487487184,4.091248373943184
1485.0,1485.0000487815678,4.149663921168025
1486.0,1486.0000488144174,3.9802467032284885
1487.0,1487.000048847267,3.9290736705002107
1488.0,1488.0000488801165,4.012156587727142
1489.0,1489.0000489129661,4.073115254874832
1490.0,1490.0000489458155,4.072796084979019
1491.0,1491.000048978665,3.9555836108960993
1492.0,1492.0000490115146,4.120820843061778
1493.0,1493.0000490443642,4.140894958168648
1494.0,1494.0000490772138,4.264374806644551
1495.0,1495.0000491100632,4.099779322796064
1496.0,1496.0000491429128,3.951390948847001
1497.0,1497.0000491757623,4.041256175750665
1498.0,1498.000049208612,4.0296607089884695
1499.0,1499.0000492414615,4.005585994735729
1500.0,1500.0000492743109,4.02120103827467
1501.0,1501.0000493071605,4.098401348773782
1502.0,1502.00004934001,3.848653741728631
1503.0,1503.0000493728596,4.069548582065286
1504.0,1504.0000494057092,4.0371059903269595
1505.0,1505.0000494385586,3.942652589479528
1506.0,1506.0000494714081,3.899109160799817
1507.0,1507.0000495042577,4.014418930840447
1508.0,1508.0000495371073,3.9245835978706944
1509.0,1509.000049569957,4.128242041598391
1510.0,1510.0000496028065,3.904926366409624
1511.0,1511.0000496356558,4.108091696874529
1512.0,1512.0000496685054,4.1469073770139655
1513.0,1513.000049701355,4.083457997040956
1514.0,1514.0000497342046,3.980846430259747
1515.0,1515.0000497670542,4.087214802284928
1516.0,1516.0000497999035,3.9651626506216133
1517.0,1517.0000498327531,3.9288499533870627
1518.0,1518.0000498656027,4.038940132427815
1519.0,1519.0000498984523,4.08387760672805
1520.0,1520.0000499313019,4.066911830805818
1521.0,1521.0000499641512,4.095117356936219
1522.0,1522.0000499970008,3.948366403495825
1523.0,1523.0000500298504,3.9990089279513126
1524.0,1524.0000500627,3.8959790760736954
1525.0,1525.0000500955496,3.857063301878322
1526.0,1526.000050128399,3.9915909646364285
1527.0,1527.0000501612485,4.080716488571549
1528.0,1528.000050194098,3.8814764994839615
1529.0,1529.0000502269477,3.888513208280285
1530.0,1530.0000502597973,3.892974094321276
1531.0,1531.0000502926466,3.9061363856070135
1532.0,1532.0000503254962,3.940806646139718
1533.0,1533.0000503583458,3.6925996284741514
1534.0,1534.0000503911954,3.8281813227461865
1535.0,1535.000050424045,3.823184851037997
1536.0,1536.0000504568943,3.8482110557270373
1537.0,1537.000050489744,3.7729689514779654
1538.0,1538.0000505225935,3.817063566156067
1539.0,1539.000050555443,3.8045036700171893
1540.0,1540.0000505882927,4.1050805944537165
1541.0,1541.0000506211422,3.9801794847685663
1542.0,1542.0000506539916,4.054580421748385
1543.0,1543.0000506868412,4.0515549248776495
1544.0,1544.0000507196908,4.116740094059519
1545.0,1545.0000507525403,4.301431373355778
1546.0,1546.00005078539,4.467113178047636
1547.0,1547.0000508182393,4.10105146627252
1548.0,1548.0000508510889,4.319399013242853
1549.0,1549.0000508839385,4.180184672129427
1550.0,1550.000050916788,4.1760471450072645
1551.0,1551.0000509496376,4.291343816582075
1552.0,1552.000050982487,4.215763452239046
1553.0,1553.0000510153366,4.2505618330305595
1554.0,1554.0000510481862,4.112475905725526
1555.0,1555.0000510810357,4.240714914117427
1556.0,1556.0000511138853,4.34876807370093
1557.0,1557.0000511467347,4.248474548212748
1558.0,1558.0000511795843,4.197777912999104
1559.0,1559.0000512124338,4.000955700277385
1560.0,1560.0000512452834,4.090239095467658
1561.0,1561.000051278133,4.095984178988618
1562.0,1562.0000513109824,4.053294745622621
1563.0,1563.000051343832,4.1861745992397905
1564.0,1564.0000513766815,4.179818199060645
1565.0,1565.0000514095311,4.296817995748245
1566.0,1566.0000514423807,4.014199606040301
1567.0,1567.0000514752303,3.915329670783713
1568.0,1568.0000515080797,3.9900216992699478
1569.0,1569.0000515409292,3.969690184283981
1570.0,1570.0000515737788,4.096816275832912
1571.0,1571.0000516066284,4.272890177732305
1572.0,1572.000051639478,4.109878430571869
1573.0,1573.0000516723273,4.189886263116633
1574.0,1574.000051705177,4.295149086967165
1575.0,1575.0000517380265,4.207034433218782
1576.0,1576.000051770876,4.169059164657822
1577.0,1577.0000518037257,4.134838895434745
1578.0,1578.000051836575,4.206149593969673
1579.0,1579.0000518694246,4.113466283413027
1580.0,1580.0000519022742,4.14855015747109
1581.0,1581.0000519351238,4.083112805597028
1582.0,1582.0000519679734,4.139146474198753
1583.0,1583.0000520008227,4.320793453867561
1584.0,1584.0000520336723,4.204019363851892
1585.0,1585.000052066522,4.200719953727891
1586.0,1586.0000520993715,4.13723289137606
1587.0,1587.000052132221,4.170354746066227
1588.0,1588.0000521650704,4.450161071234494
1589.0,1589.00005219792,4.292064344112784
1590.0,1590.0000522307696,4.34010632897491
1591.0,1591.0000522636192,4.28336309054196
1592.0,1592.0000522964688,4.207546030012614
1593.0,1593.0000523293184,4.284344679297306
1594.0,1594.0000523621677,4.225561162702393
1595.0,1595.0000523950173,4.174320803047013
1596.0,1596.0000524278669,4.204328854816153
1597.0,1597.0000524607165,4.102526607041269
1598.0,1598.000052493566,4.083969797920152
1599.0,1599.0000525264154,4.129276584045584
1600.0,1600.000052559265,4.032048205989435
1601.0,1601.0000525921146,4.181735823779614
1602.0,1602.0000526249642,4.231953276994583
1603.0,1603.0000526578137,4.1736281223029845
1604.0,1604.000052690663,4.066647266748766
1605.0,1605.0000527235127,3.9841402676655915
1606.0,1606.0000527563623,4.018330020066114
1607.0,1607.0000527892118,4.087843513389675
1608.0,1608.0000528220614,4.001419855903305
1609.0,1609.0000528549108,4.025491634478556
1610.0,1610.0000528877604,3.9521930580055975
1611.0,1611.00005292061,3.963293289034259
1612.0,1612.0000529534595,3.9315248323007674
1613.0,1613.0000529863091,4.014657806354611
1614.0,1614.0000530191585,4.031871759117034
1615.0,1615.000053052008,4.003673400081096
1616.0,1616.0000530848577,3.994771880769063
1617.0,1617.0000531177072,4.115912128901077
1618.0,1618.0000531505568,4.158324093189141
1619.0,1619.0000531834064,4.066905495339597
1620.0,1620.0000532162558,4.143272845212031
1621.0,1621.0000532491053,4.251046830377256
1622.0,1622.000053281955,4.241959401046854
1623.0,1623.0000533148045,4.392929883898977
1624.0,1624.000053347654,4.082058530804869
1625.0,1625.0000533805035,4.314978956229389
1626.0,1626.000053413353,4.1325845788217155
1627.0,1627.0000534462026,4.136835256667716
1628.0,1628.0000534790522,4.212390248370221
1629.0,1629.0000535119018,4.319444486564024
1630.0,1630.0000535447512,4.084419544233694
1631.0,1631.0000535776007,3.966172915883863
1632.0,1632.0000536104503,3.998053924082249
1633.0,1633.0000536433,3.996377929358873
1634.0,1634.0000536761495,4.165113258763787
1635.0,1635.0000537089988,4.098619148133285
1636.0,1636.0000537418484,4.151194398222179
1637.0,1637.000053774698,4.074017098506843
1638.0,1638.0000538075476,3.980930747672817
1639.0,1639.0000538403972,4.093512379328929
1640.0,1640.0000538732465,3.9612486005724126
1641.0,1641.0000539060961,4.059557582839327
1642.0,1642.0000539389457,4.0944823489117494
1643.0,1643.0000539717953,4.097767974173058
1644.0,1644.0000540046449,4.1285674599453905
1645.0,1645.0000540374945,4.151595648448741
1646.0,1646.0000540703438,4.145266560066571
1647.0,1647.0000541031934,4.274019407175143
1648.0,1648.000054136043,4.360265551507993
1649.0,1649.0000541688926,4.433182091053748
1650.0,1650.0000542017422,4.136374699219572
1651.0,1651.0000542345915,4.126523919404808
1652.0,1652.000054267441,4.237018897274233
1653.0,1653.0000543002907,4.195396889854205
1654.0,1654.0000543331403,4.250727314118181
1655.0,1655.0000543659899,4.340610035704586
1656.0,1656.0000543988392,4.226155562859337
1657.0,1657.0000544316888,4.302189112536122
1658.0,1658.0000544645384,4.1668270635805404
1659.0,1659.000054497388,4.387427191818246
1660.0,1660.0000545302375,4.336021926086788
1661.0,1661.000054563087,4.155698029345393
1662.0,1662.0000545959365,4.257849989958621
1663.0,1663.000054628786,4.293371781977289
1664.0,1664.0000546616357,4.039956548126169
1665.0,1665.0000546944852,4.2394829539961485
1666.0,1666.0000547273346,4.2240432122335605
1667.0,1667.0000547601842,4.207797394014376
1668.0,1668.0000547930338,4.296546786676503
1669.0,1669.0000548258834,4.127018489003218
1670.0,1670.000054858733,4.13932910080872
1671.0,1671.0000548915825,4.279198639223388
1672.0,1672.0000549244319,4.2670931878050755
1673.0,1673.0000549572815,4.209745732844912
1674.0,1674.000054990131,4.2819172313853855
1675.0,1675.0000550229806,4.127635896412628
1676.0,1676.0000550558302,4.204781243923017
1677.0,1677.0000550886796,4.082746047049676
1678.0,1678.0000551215292,4.102023241336174
1679.0,1679.0000551543787,4.039239051807505
1680.0,1680.0000551872283,4.271551944465192
1681.0,1681.000055220078,4.222837764374956
1682.0,1682.0000552529273,4.438131387152867
1683.0,1683.0000552857769,4.362740235439099
1684.0,1684.0000553186264,4.343827499454388
1685.0,1685.000055351476,4.252047397974233
1686.0,1686.0000553843256,4.126754751934828
1687.0,1687.000055417175,4.214082707269365
1688.0,1688.0000554500245,4.148322851780631
1689.0,1689.0000554828741,4.167784377523293
1690.0,1690.0000555157237,4.443623352074607
1691.0,1691.0000555485733,4.292461415806674
1692.0,1692.0000555814227,4.436586111149336
1693.0,1693.0000556142722,4.412121428690832
1694.0,1694.0000556471218,4.291508615365918
1695.0,1695.0000556799714,4.195046986076355
1696.0,1696.000055712821,4.403284207641308
1697.0,1697.0000557456706,4.3946530030225235
1698.0,1698.00005577852,4.360635309312123
1699.0,1699.0000558113695,4.2893837901137095
1700.0,1700.000055844219,4.250246542247868
1701.0,1701.0000558770687,4.148345027818426
1702.0,1702.0000559099183,4.017958706918985
1703.0,1703.0000559427676,4.1998169909365615
1704.0,1704.0000559756172,4.161142130749702
1705.0,1705.0000560084668,4.038050610186167
1706.0,1706.0000560413164,3.8403050457362515
1707.0,1707.000056074166,3.763980298661887
1708.0,1708.0000561070153,3.8548355036332325
1709.0,1709.000056139865,4.094188363360304
1710.0,1710.0000561727145,4.292008618359877
1711.0,1711.000056205564,4.078084235096172
1712.0,1712.0000562384137,4.289902148156196
1713.0,1713.000056271263,4.172923144690726
1714.0,1714.0000563041126,4.124020344574224
1715.0,1715.0000563369622,4.1915229356898065
1716.0,1716.0000563698118,4.111098094573171
1717.0,1717.0000564026614,4.157001264400536
1718.0,1718.0000564355107,4.297742172613263
1719.0,1719.0000564683603,4.269762572660202
1720.0,1720.0000565012099,4.213709590314444
1721.0,1721.0000565340595,4.214875433827028
1722.0,1722.000056566909,4.232050417565637
1723.0,1723.0000565997586,4.263190938395679
1724.0,1724.000056632608,4.164668242037801
1725.0,1725.0000566654576,4.242088129220026
1726.0,1726.0000566983072,4.301986654182314
1727.0,1727.0000567311567,4.330750878694902
1728.0,1728.0000567640063,4.39768322159543
1729.0,1729.0000567968557,4.094522096029931
1730.0,1730.0000568297053,4.086530538051252
1731.0,1731.0000568625549,4.161421977167654
1732.0,1732.0000568954044,4.325867738336928
1733.0,1733.000056928254,4.140472329236687
1734.0,1734.0000569611034,4.275637716877991
1735.0,1735.000056993953,4.28620016989811
1736.0,1736.0000570268026,4.222922905476503
1737.0,1737.0000570596521,4.243259629482564
1738.0,1738.0000570925017,4.202863738519528
1739.0,1739.000057125351,4.184452981233521
1740.0,1740.0000571582007,4.111118011718129
1741.0,1741.0000571910502,4.053257650880449
1742.0,1742.0000572238998,3.942175269155838
1743.0,1743.0000572567494,3.968866800824621
1744.0,1744.0000572895988,4.255863716859526
1745.0,1745.0000573224484,3.936588616556849
1746.0,1746.000057355298,3.8812875338783646
1747.0,1747.0000573881475,4.00688624829971
1748.0,1748.000057420997,3.7690790044078555
1749.0,1749.0000574538467,3.912626200748099
1750.0,1750.000057486696,3.795267483786357
1751.0,1751.0000575195456,3.7964350522005486
1752.0,1752.0000575523952,3.7324880706823373
1753.0,1753.0000575852448,3.711967880128725
1754.0,1754.0000576180944,3.77143633769552
1755.0,1755.0000576509437,3.8720524239994534
1756.0,1756.0000576837933,3.9231531404469795
1757.0,1757.000057716643,4.032208132543357
1758.0,1758.0000577494925,3.909722150435713
1759.0,1759.000057782342,4.043268088642537
1760.0,1760.0000578151914,4.005364147218881
1761.0,1761.000057848041,4.110776850686151
1762.0,1762.0000578808906,4.248671090414766
1763.0,1763.0000579137402,4.306563779436974
1764.0,1764.0000579465898,4.254991260428199
1765.0,1765.0000579794391,4.220622080089443
1766.0,1766.0000580122887,4.408223904663499
1767.0,1767.0000580451383,4.530108438660053
1768.0,1768.000058077988,4.3501004144634585
1769.0,1769.0000581108375,4.278172710319221
1770.0,1770.0000581436868,4.260204215548077
1771.0,1771.0000581765364,4.166371603490958
1772.0,1772.000058209386,4.201113499482535
1773.0,1773.0000582422356,4.270864424530066
1774.0,1774.0000582750852,4.237376813437003
1775.0,1775.0000583079348,4.303369728003811
1776.0,1776.000058340784,4.163756999144226
1777.0,1777.0000583736337,4.099419208866279
1778.0,1778.0000584064833,4.136876375221148
1779.0,1779.0000584393329,4.2537859025340135
1780.0,1780.0000584721824,4.258977891387834
1781.0,1781.0000585050318,4.32378184798353
1782.0,1782.0000585378814,3.958895049265035
1783.0,1783.000058570731,4.1197866327540815
1784.0,1784.0000586035806,4.194688717008695
1785.0,1785.0000586364301,4.118138938806576
1786.0,1786.0000586692795,4.1553212795242835
1787.0,1787.000058702129,4.2210926078240725
1788.0,1788.0000587349787,4.15575330568879
1789.0,1789.0000587678282,4.344670534064688
1790.0,1790.0000588006778,4.246555011839939
1791.0,1791.0000588335272,4.108968093808384
1792.0,1792.0000588663768,4.094646976122158
1793.0,1793.0000588992264,4.204164777884064
1794.0,1794.000058932076,4.208045576166775
1795.0,1795.0000589649255,4.3033754807508515
1796.0,1796.0000589977749,4.137757395094176
1797.0,1797.0000590306245,4.0734903230432815
1798.0,1798.000059063474,4.143308250975241
1799.0,1799.0000590963236,4.2462596700140915
1800.0,1800.0000591291732,4.298467762866996
1801.0,1801.0000591620228,4.072244716284354
1802.0,1802.0000591948722,4.349144496419123
1803.0,1803.0000592277217,4.295587445141927
1804.0,1804.0000592605713,4.10377176284777
1805.0,1805.000059293421,4.2488530795111155
1806.0,1806.0000593262705,4.397610075012585
1807.0,1807.0000593591199,4.119055331673263
1808.0,1808.0000593919694,4.251210321229472
1809.0,1809.000059424819,4.1633919280916825
1810.0,1810.0000594576686,4.3138220372046465
1811.0,1811.0000594905182,4.170387179767391
1812.0,1812.0000595233676,4.213582348528083
1813.0,1813.0000595562171,4.389335653869862
1814.0,1814.0000595890667,4.132585097810764
1815.0,1815.0000596219163,4.107511177004604
1816.0,1816.000059654766,4.155660061219495
1817.0,1817.0000596876152,4.172379238512479
1818.0,1818.0000597204648,4.2658503360996765
1819.0,1819.0000597533144,4.2221134444606765
1820.0,1820.000059786164,4.238128897192721
1821.0,1821.0000598190136,4.244917559698756
1822.0,1822.000059851863,4.294411697591965
1823.0,1823.0000598847125,4.1475701170228225
1824.0,1824.000059917562,4.153141159079521
1825.0,1825.0000599504117,4.306058790197711
1826.0,1826.0000599832613,4.323088996357756
1827.0,1827.0000600161109,4.2378438114705075
1828.0,1828.0000600489602,4.472919297207352
1829.0,1829.0000600818098,4.331297907234829
1830.0,1830.0000601146594,4.434340285403089
1831.0,1831.000060147509,4.311157465519518
1832.0,1832.0000601803586,4.3497959958622845
1833.0,1833.000060213208,4.176150029766861
1834.0,1834.0000602460575,4.357360034749283
1835.0,1835.000060278907,4.3000580727831865
1836.0,1836.0000603117567,4.239347596677496
1837.0,1837.0000603446063,4.28746836326046
1838.0,1838.0000603774556,4.3676595238254
1839.0,1839.0000604103052,4.31136618728956
1840.0,1840.0000604431548,4.293984559791958
1841.0,1841.0000604760044,4.1396987633735
1842.0,1842.000060508854,4.2022974792180925
1843.0,1843.0000605417033,4.153341998361438
1844.0,1844.000060574553,4.2395065725316865
1845.0,1845.0000606074025,4.366897706295813
1846.0,1846.000060640252,4.3329273875012175
1847.0,1847.0000606731016,4.145701899054117
1848.0,1848.000060705951,4.267249565640991
1849.0,1849.0000607388006,4.2843279040287205
1850.0,1850.0000607716502,4.239173172176175
1851.0,1851.0000608044998,4.290467391107466
1852.0,1852.0000608373493,4.013056201419381
1853.0,1853.000060870199,4.398569467799784
1854.0,1854.0000609030483,4.3280688322572765
1855.0,1855.0000609358979,4.425117529539976
1856.0,1856.0000609687474,4.265408339735958
1857.0,1857.000061001597,4.1543634398777245
1858.0,1858.0000610344466,4.262222408363561
1859.0,1859.000061067296,4.099918330431389
1860.0,1860.0000611001456,4.1831117963855196
1861.0,1861.0000611329951,4.111827896927675
1862.0,1862.0000611658447,4.303769333945965
1863.0,1863.0000611986943,4.2889805465740904
1864.0,1864.0000612315437,4.342988987348273
1865.0,1865.0000612643933,4.158888168698627
1866.0,1866.0000612972428,4.160060200443489
1867.0,1867.0000613300924,4.233618208732853
1868.0,1868.000061362942,4.429136234990685
1869.0,1869.0000613957914,4.175859390807685
1870.0,1870.000061428641,4.206518107620005
1871.0,1871.0000614614905,4.224991782625296
1872.0,1872.0000614943401,4.0804056504724775
1873.0,1873.0000615271897,4.201523815049264
1874.0,1874.000061560039,4.310538279970033
1875.0,1875.0000615928886,4.222274876328111
1876.0,1876.0000616257382,4.296382343792218
1877.0,1877.0000616585878,4.236536177228122
1878.0,1878.0000616914374,4.246672944089071
1879.0,1879.000061724287,4.0599492158247585
1880.0,1880.0000617571363,4.187877672212364
1881.0,1881.000061789986,4.206955690729895
1882.0,1882.0000618228355,4.195847359787989
1883.0,1883.000061855685,4.3133597805299795
1884.0,1884.0000618885347,4.118504071197025
1885.0,1885.000061921384,4.217565179608016
1886.0,1886.0000619542336,3.9826901133688373
1887.0,1887.0000619870832,4.132803726184817
1888.0,1888.0000620199328,4.3219014932430815
1889.0,1889.0000620527824,4.5129291883409826
1890.0,1890.0000620856317,4.349365466603072
1891.0,1891.0000621184813,4.475390698382374
1892.0,1892.000062151331,4.31729665402562
1893.0,1893.0000621841805,4.308427224800513
1894.0,1894.00006221703,4.1881208083363495
1895.0,1895.0000622498794,4.243247716972959
1896.0,1896.000062282729,4.385819165525108
1897.0,1897.0000623155786,4.301553877856324
1898.0,1898.0000623484282,4.225628436874148
1899.0,1899.0000623812778,4.146833054338029
1900.0,1900.0000624141271,4.222682398138701
1901.0,1901.0000624469767,4.201518037553252
1902.0,1902.0000624798263,4.230204399480894
1903.0,1903.0000625126759,4.202592886124386
1904.0,1904.0000625455255,4.273500166523758
1905.0,1905.000062578375,4.225794980012801
1906.0,1906.0000626112244,4.325084670864582
1907.0,1907.000062644074,4.221810402265832
1908.0,1908.0000626769236,4.435318703133133
1909.0,1909.0000627097731,4.134251275663302
1910.0,1910.0000627426227,4.238075318313273
1911.0,1911.000062775472,4.393860244107554
1912.0,1912.0000628083217,4.092356584659918
1913.0,1913.0000628411713,4.258333390631975
1914.0,1914.0000628740208,4.302062487025571
1915.0,1915.0000629068704,4.345182888039745
1916.0,1916.0000629397198,4.322602963872353
1917.0,1917.0000629725694,4.3424703965765765
1918.0,1918.000063005419,4.375547209638265
1919.0,1919.0000630382685,4.231075403130178
1920.0,1920.0000630711181,4.215936021305225
1921.0,1921.0000631039675,4.156852440683591
1922.0,1922.000063136817,4.159066609060134
1923.0,1923.0000631696666,4.263556842934013
1924.0,1924.0000632025162,4.208322018698032
1925.0,1925.0000632353658,4.15891295552764
1926.0,1926.0000632682152,4.1700040165823635
1927.0,1927.0000633010648,4.397929593854893
1928.0,1928.0000633339143,4.307822344966987
1929.0,1929.000063366764,4.393348462601057
1930.0,1930.0000633996135,4.249749952170027
1931.0,1931.000063432463,4.229839806333574
1932.0,1932.0000634653125,4.45086123808218
1933.0,1933.000063498162,4.438503729618287
1934.0,1934.0000635310116,4.480977262479579
1935.0,1935.0000635638612,4.226957342568007
1936.0,1936.0000635967108,4.028388308993464
1937.0,1937.0000636295601,4.127266282041471
1938.0,1938.0000636624097,4.246200745473911
1939.0,1939.0000636952593,4.3682693627959575
1940.0,1940.000063728109,4.2971506584247505
1941.0,1941.0000637609585,4.221586962014766
1942.0,1942.0000637938078,4.325734545311011
1943.0,1943.0000638266574,4.201405081698809
1944.0,1944.000063859507,4.255594371744839
1945.0,1945.0000638923566,4.223225696024468
1946.0,1946.0000639252062,4.165062133262094
1947.0,1947.0000639580555,4.0904958208367175
1948.0,1948.0000639909051,4.103826538188929
1949.0,1949.0000640237547,4.250621490199646
1950.0,1950.0000640566043,4.330818702127613
1951.0,1951.0000640894539,4.1434768766484025
1952.0,1952.0000641223032,4.030654847968924
1953.0,1953.0000641551528,4.126995568597087
1954.0,1954.0000641880024,4.136208511538416
1955.0,1955.000064220852,4.04674638855345
1956.0,1956.0000642537016,3.898057833657132
1957.0,1957.0000642865512,4.219532967743752
1958.0,1958.0000643194005,4.140881467933323
1959.0,1959.00006435225,4.063219729053295
1960.0,1960.0000643850997,4.0494532069552065
1961.0,1961.0000644179493,4.091802742541932
1962.0,1962.0000644507988,4.312889486668531
1963.0,1963.0000644836482,4.098825523549318
1964.0,1964.0000645164978,4.182468532586839
1965.0,1965.0000645493474,4.119315695133269
1966.0,1966.000064582197,4.2799921698514805
1967.0,1967.0000646150465,4.33663402564868
1968.0,1968.000064647896,4.211688149537067
1969.0,1969.0000646807455,4.238392535968728
1970.0,1970.000064713595,4.1561304005425175
1971.0,1971.0000647464447,4.145472318810854
1972.0,1972.0000647792942,4.2328269054345
1973.0,1973.0000648121436,4.11112573318495
1974.0,1974.0000648449932,4.133448798031153
1975.0,1975.0000648778428,4.0808751178249825
1976.0,1976.0000649106923,4.093697937851992
1977.0,1977.000064943542,4.203196715462878
1978.0,1978.0000649763913,4.338210140554592
1979.0,1979.0000650092409,4.292568730303166
1980.0,1980.0000650420905,4.185369236540869
1981.0,1981.00006507494,4.194742019305075
1982.0,1982.0000651077896,4.038817722624452
1983.0,1983.0000651406392,4.076899498753896
1984.0,1984.0000651734886,4.0970573748077275
1985.0,1985.0000652063381,4.12117588213948
1986.0,1986.0000652391877,4.100315154476978
1987.0,1987.0000652720373,4.173767178050129
1988.0,1988.000065304887,4.1313798212792765
1989.0,1989.0000653377363,4.137916009167499
1990.0,1990.0000653705858,4.303976362679033
1991.0,1991.0000654034354,3.881308887975182
1992.0,1992.000065436285,4.062421389418372
1993.0,1993.0000654691346,3.966256966873097
1994.0,1994.000065501984,4.0610602021509985
1995.0,1995.0000655348335,4.099657031897118
1996.0,1996.0000655676831,4.121664490124675
1997.0,1997.0000656005327,4.219678952249273
1998.0,1998.0000656333823,3.8824892967247977
1999.0,1999.0000656662316,4.061858687418454
