Frame,Time (ns),RMSD
0.0,0.0,0.0
1.0,1.0000000328495406,1.335572745345604
2.0,2.0000000656990813,1.4540480073572914
3.0,3.0000000985486217,1.554093427553538
4.0,4.000000131398163,1.627980641774923
5.0,5.000000164247703,1.8669022833337225
6.0,6.000000197097243,1.8947526811165463
7.0,7.000000229946784,1.8869439428859194
8.0,8.000000262796325,1.8020834783462614
9.0,9.000000295645865,1.946039975454016
10.0,10.000000328495407,1.9563269580314215
11.0,11.000000361344947,2.048281529202958
12.0,12.000000394194487,2.1540437295708044
13.0,13.000000427044029,2.315214830506947
14.0,14.000000459893569,2.042686539076394
15.0,15.00000049274311,2.198783678954283
16.0,16.00000052559265,2.0304825457817737
17.0,17.000000558442192,2.143546507053454
18.0,18.00000059129173,2.167709173501296
19.0,19.000000624141272,2.2795819046542016
20.0,20.000000656990814,2.34705490775522
21.0,21.000000689840352,2.3730721377118194
22.0,22.000000722689894,2.5722418222279275
23.0,23.000000755539435,2.5776412000534954
24.0,24.000000788388974,2.6549886944661254
25.0,25.000000821238515,2.7562587483545955
26.0,26.000000854088057,2.5624920270214524
27.0,27.0000008869376,2.6634939897358736
28.0,28.000000919787137,2.634043953151903
29.0,29.00000095263668,2.7588141318825854
30.0,30.00000098548622,2.8621474622580965
31.0,31.00000101833576,2.7243418815351803
32.0,32.0000010511853,2.7328206390424223
33.0,33.00000108403484,2.676547186193071
34.0,34.000001116884384,2.6908786780331093
35.0,35.000001149733926,2.6648824441064103
36.0,36.00000118258346,2.557332424107452
37.0,37.000001215433,2.552300140263764
38.0,38.000001248282544,2.7036081289904095
39.0,39.000001281132086,2.8622548537815664
40.0,40.00000131398163,2.9469735911260524
41.0,41.00000134683117,2.8791774335655234
42.0,42.000001379680704,2.796801084374844
43.0,43.000001412530246,2.8376659754238136
44.0,44.00000144537979,2.85593771783241
45.0,45.00000147822933,2.843586606359698
46.0,46.00000151107887,2.843723653662539
47.0,47.00000154392841,2.899967165453306
48.0,48.00000157677795,2.834354204317343
49.0,49.00000160962749,2.6388234768744527
50.0,50.00000164247703,2.500830894191806
51.0,51.00000167532657,2.543174853915529
52.0,52.000001708176114,2.681179748422398
53.0,53.000001741025656,2.524258428765155
54.0,54.0000017738752,2.620949364603115
55.0,55.00000180672473,2.709576201177293
56.0,56.000001839574274,2.583312595246153
57.0,57.000001872423816,2.481200389807681
58.0,58.00000190527336,2.6065006750016546
59.0,59.0000019381229,2.6492317422501266
60.0,60.00000197097244,2.527303624691475
61.0,61.000002003821976,2.534550102034366
62.0,62.00000203667152,2.706948420543797
63.0,63.00000206952106,2.6388555283356547
64.0,64.0000021023706,2.7227549620797937
65.0,65.00000213522014,2.882748998031839
66.0,66.00000216806968,2.7814528248129884
67.0,67.00000220091923,2.6682042403909088
68.0,68.00000223376877,2.6746107180029375
69.0,69.00000226661831,2.5229468481082162
70.0,70.00000229946785,2.5678273478705043
71.0,71.00000233231738,2.621645775025042
72.0,72.00000236516692,2.6386856148639612
73.0,73.00000239801646,2.7131066310370033
74.0,74.000002430866,2.8382532052192273
75.0,75.00000246371555,2.698670691840836
76.0,76.00000249656509,2.5754598199587986
77.0,77.00000252941463,2.6221664938724927
78.0,78.00000256226417,2.5750489848797478
79.0,79.00000259511371,2.612372448397855
80.0,80.00000262796326,2.54957076413695
81.0,81.0000026608128,2.630634563079749
82.0,82.00000269366234,2.5519346519660946
83.0,83.00000272651188,2.5557164619345
84.0,84.00000275936141,2.5617562012977824
85.0,85.00000279221095,2.777687837946432
86.0,86.00000282506049,2.871383778628562
87.0,87.00000285791003,2.719145399695777
88.0,88.00000289075957,2.7216711417119237
89.0,89.00000292360912,2.588211806325273
90.0,90.00000295645866,2.770733282603075
91.0,91.0000029893082,2.7707843354360104
92.0,92.00000302215774,2.9872480995897384
93.0,93.00000305500728,2.9920797967508608
94.0,94.00000308785683,2.9515913370736513
95.0,95.00000312070637,2.728573445386044
96.0,96.0000031535559,2.956103477039272
97.0,97.00000318640544,2.7628857683986943
98.0,98.00000321925498,2.922449085906547
99.0,99.00000325210452,2.958058929113222
100.0,100.00000328495406,2.843883519301584
101.0,101.0000033178036,2.697747053300852
102.0,102.00000335065315,2.906669993763133
103.0,103.00000338350269,3.0317536234915767
104.0,104.00000341635223,3.050007310984093
105.0,105.00000344920177,3.1447894365808393
106.0,106.00000348205131,3.1897167013105583
107.0,107.00000351490085,3.0832097125325966
108.0,108.0000035477504,2.998405259254948
109.0,109.00000358059992,3.011766567544865
110.0,110.00000361344946,2.8425515571880537
111.0,111.000003646299,2.865674515608301
112.0,112.00000367914855,2.857531121091248
113.0,113.00000371199809,2.962326445376634
114.0,114.00000374484763,2.93949415862069
115.0,115.00000377769717,2.9290792265272496
116.0,116.00000381054672,2.9394804683900184
117.0,117.00000384339626,2.9723030471497176
118.0,118.0000038762458,2.9628733721850007
119.0,119.00000390909534,3.109810762500249
120.0,120.00000394194488,3.0617121886420886
121.0,121.00000397479442,3.015602798963387
122.0,122.00000400764395,2.9317906117078785
123.0,123.0000040404935,2.852550846859447
124.0,124.00000407334304,2.9272242030636586
125.0,125.00000410619258,2.80684930218899
126.0,126.00000413904212,2.9847059116956007
127.0,127.00000417189166,2.9981317817454407
128.0,128.0000042047412,3.1303922067937093
129.0,129.00000423759073,2.9400571228561385
130.0,130.0000042704403,2.791166925215076
131.0,131.0000043032898,2.9915300888376817
132.0,132.00000433613937,2.925048305442218
133.0,133.0000043689889,2.787315941040891
134.0,134.00000440183845,2.902482424912731
135.0,135.00000443468798,3.100819832707909
136.0,136.00000446753754,2.97380336474671
137.0,137.00000450038706,3.0094724627144314
138.0,138.00000453323662,2.8941722001141574
139.0,139.00000456608615,2.87470807036274
140.0,140.0000045989357,2.912769240599796
141.0,141.00000463178523,2.9765505356097766
142.0,142.00000466463476,2.909091100242475
143.0,143.00000469748431,3.0185244933368
144.0,144.00000473033384,3.018275663143687
145.0,145.0000047631834,3.121887956641421
146.0,146.00000479603293,3.014510284319488
147.0,147.00000482888248,3.2137207914650956
148.0,148.000004861732,3.1729533732778954
149.0,149.00000489458156,3.1382472470061478
150.0,150.0000049274311,3.067422345293946
151.0,151.00000496028065,3.0848623818473286
152.0,152.00000499313018,3.1023280137084313
153.0,153.00000502597973,3.167032892379327
154.0,154.00000505882926,3.317211693640463
155.0,155.0000050916788,3.1296478238581127
156.0,156.00000512452834,3.00727080157359
157.0,157.00000515737787,3.267741100983024
158.0,158.00000519022743,3.3207325695676757
159.0,159.00000522307695,3.4010275663525094
160.0,160.0000052559265,3.2063417005649155
161.0,161.00000528877604,3.2155179130901943
162.0,162.0000053216256,3.17068004517595
163.0,163.00000535447512,3.1191515448114324
164.0,164.00000538732468,3.0524436908427033
165.0,165.0000054201742,3.2385178754679487
166.0,166.00000545302376,3.155834656260556
167.0,167.0000054858733,3.1085013375784714
168.0,168.00000551872282,3.2293630046636577
169.0,169.00000555157237,3.219973888555951
170.0,170.0000055844219,2.9546318555702165
171.0,171.00000561727146,3.310718737622582
172.0,172.00000565012098,3.113819758832626
173.0,173.00000568297054,3.1476991448523006
174.0,174.00000571582007,3.313830077555451
175.0,175.00000574866962,3.2238336839152675
176.0,176.00000578151915,3.3263998256462304
177.0,177.0000058143687,3.163236629898617
178.0,178.00000584721823,3.2053593957874784
179.0,179.0000058800678,3.3067510791800987
180.0,180.00000591291732,3.478551782755618
181.0,181.00000594576684,3.6089595331955584
182.0,182.0000059786164,3.2361087672467512
183.0,183.00000601146593,3.266465529838177
184.0,184.00000604431548,3.2675438973737547
185.0,185.000006077165,3.3333846488750045
186.0,186.00000611001457,3.345731747152774
187.0,187.0000061428641,3.1294033833703794
188.0,188.00000617571365,3.2034208583540504
189.0,189.00000620856318,3.3904950096027777
190.0,190.00000624141273,3.411792199799797
191.0,191.00000627426226,3.3269593880523507
192.0,192.0000063071118,3.1992964863120643
193.0,193.00000633996135,3.3224830135465875
194.0,194.00000637281087,3.144076254826574
195.0,195.00000640566043,3.3271569698586743
196.0,196.00000643850996,3.445268154415762
197.0,197.0000064713595,3.308393411248726
198.0,198.00000650420904,3.260049261438729
199.0,199.0000065370586,3.379467468212659
200.0,200.00000656990812,3.351359235061779
201.0,201.00000660275768,3.505933064662312
202.0,202.0000066356072,3.5102401035467645
203.0,203.00000666845676,3.2174504731253757
204.0,204.0000067013063,3.1926700491473365
205.0,205.00000673415582,3.3316104845701546
206.0,206.00000676700537,3.177863065478425
207.0,207.0000067998549,3.1941446272855694
208.0,208.00000683270446,3.2263968322966847
209.0,209.00000686555398,3.058613356719857
210.0,210.00000689840354,3.2378813868393848
211.0,211.00000693125307,3.349320944907074
212.0,212.00000696410262,3.284303630153897
213.0,213.00000699695215,3.2763851228673966
214.0,214.0000070298017,3.517230882198592
215.0,215.00000706265124,3.5246921283897956
216.0,216.0000070955008,3.484594570549484
217.0,217.00000712835032,3.513831228082621
218.0,218.00000716119985,3.4468586274863178
219.0,219.0000071940494,3.3535414429334223
220.0,220.00000722689893,3.5222827827347705
221.0,221.0000072597485,3.4288735160955337
222.0,222.000007292598,3.482339994868686
223.0,223.00000732544757,3.3545690853235794
224.0,224.0000073582971,3.349307522071146
225.0,225.00000739114665,3.299369809660487
226.0,226.00000742399618,3.3712122893532213
227.0,227.00000745684574,3.4647067970115617
228.0,228.00000748969526,3.4839598232919915
229.0,229.00000752254482,3.237554658389013
230.0,230.00000755539435,3.1844646021402023
231.0,231.00000758824388,3.189109319345777
232.0,232.00000762109343,3.3849694781247734
233.0,233.00000765394296,3.3541605198689757
234.0,234.00000768679251,3.411582995367931
235.0,235.00000771964204,3.2220263472196855
236.0,236.0000077524916,3.286561996660181
237.0,237.00000778534113,3.400009050751074
238.0,238.00000781819068,3.3545634759099454
239.0,239.0000078510402,3.305340787959877
240.0,240.00000788388977,3.537395634018187
241.0,241.0000079167393,3.3914673981330243
242.0,242.00000794958885,3.289387884727633
243.0,243.00000798243838,3.3597281187493864
244.0,244.0000080152879,3.3062821667305275
245.0,245.00000804813746,3.233465764935799
246.0,246.000008080987,3.347459515108517
247.0,247.00000811383654,3.588049642459266
248.0,248.00000814668607,3.454337788510528
249.0,249.00000817953563,3.5215700485242865
250.0,250.00000821238515,3.445171846807044
251.0,251.0000082452347,3.5553615493911517
252.0,252.00000827808424,3.576232690409564
253.0,253.0000083109338,3.6052347710807795
254.0,254.00000834378332,3.4610302300803766
255.0,255.00000837663288,3.384073722536203
256.0,256.0000084094824,3.4125490666492646
257.0,257.00000844233193,3.476764128023162
258.0,258.00000847518146,3.421165795697147
259.0,259.00000850803104,3.4873858974640086
260.0,260.0000085408806,3.4576010846982275
261.0,261.0000085737301,3.3631385912886818
262.0,262.0000086065796,3.439772098972727
263.0,263.0000086394292,3.4144741858752274
264.0,264.00000867227874,3.3377684407302324
265.0,265.00000870512827,3.2806063564152512
266.0,266.0000087379778,3.2544810404357953
267.0,267.0000087708274,3.3412495417521577
268.0,268.0000088036769,3.4722639593159657
269.0,269.00000883652643,3.449519528823497
270.0,270.00000886937596,3.539538384496401
271.0,271.0000089022255,3.240070079952935
272.0,272.0000089350751,3.3995951330095204
273.0,273.0000089679246,3.373436357185283
274.0,274.0000090007741,3.2894869412829606
275.0,275.00000903362366,3.241848667600898
276.0,276.00000906647324,3.236083790657108
277.0,277.00000909932277,3.2295885683701773
278.0,278.0000091321723,3.2031097753082136
279.0,279.0000091650218,3.3990784421439075
280.0,280.0000091978714,3.473365244433742
281.0,281.00000923072093,3.454964887287062
282.0,282.00000926357046,3.601695259510965
283.0,283.00000929642,3.4723283905384568
284.0,284.0000093292695,3.752274186252684
285.0,285.0000093621191,3.545814452416824
286.0,286.00000939496863,3.6415743637571345
287.0,287.00000942781816,3.5423742691587177
288.0,288.0000094606677,3.433339890255887
289.0,289.00000949351727,3.355613974628401
290.0,290.0000095263668,3.3553877059912085
291.0,291.0000095592163,3.415008872492837
292.0,292.00000959206585,3.457514568206176
293.0,293.00000962491544,3.4185672912570237
294.0,294.00000965776496,3.3478885757408947
295.0,295.0000096906145,3.51318576394319
296.0,296.000009723464,3.5684552497985953
297.0,297.00000975631355,3.4313647310012225
298.0,298.00000978916313,3.610689092754171
299.0,299.00000982201266,3.4672078865832665
300.0,300.0000098548622,3.5341846142715077
301.0,301.0000098877117,3.4786931371612098
302.0,302.0000099205613,3.403330046962986
303.0,303.0000099534108,3.3583830354028263
304.0,304.00000998626035,3.425335162843324
305.0,305.0000100191099,3.365586140395302
306.0,306.00001005195946,3.251421861555343
307.0,307.000010084809,3.242977597458282
308.0,308.0000101176585,3.3494300803141486
309.0,309.00001015050805,3.3050712228867423
310.0,310.0000101833576,3.4593168077585386
311.0,311.00001021620716,3.4628923003467196
312.0,312.0000102490567,3.266285553361234
313.0,313.0000102819062,3.3340841317192114
314.0,314.00001031475574,3.3112799801024226
315.0,315.0000103476053,3.177773627906691
316.0,316.00001038045485,3.4200786974429103
317.0,317.0000104133044,3.3411020956046666
318.0,318.0000104461539,3.225212856725134
319.0,319.0000104790035,3.3406017597286746
320.0,320.000010511853,3.196189843840252
321.0,321.00001054470255,3.1452837170916617
322.0,322.0000105775521,3.1633161398262133
323.0,323.0000106104016,3.411598575149648
324.0,324.0000106432512,3.3855073893264302
325.0,325.0000106761007,3.365488992456456
326.0,326.00001070895024,3.293380464923162
327.0,327.00001074179977,3.340594855453446
328.0,328.00001077464935,3.22000806881109
329.0,329.0000108074989,3.3591506399368454
330.0,330.0000108403484,3.1419866996826538
331.0,331.00001087319794,3.202264943696243
332.0,332.0000109060475,3.1431334352698506
333.0,333.00001093889705,3.0198787617350566
334.0,334.0000109717466,3.0983859361938246
335.0,335.0000110045961,3.188223700864178
336.0,336.00001103744563,3.2746688848271956
337.0,337.0000110702952,3.257411031671926
338.0,338.00001110314474,3.2638810412308916
339.0,339.00001113599427,3.1363230166607665
340.0,340.0000111688438,3.1073959356908287
341.0,341.0000112016934,3.1070154346645866
342.0,342.0000112345429,3.1335875329446767
343.0,343.00001126739244,3.1718442264770683
344.0,344.00001130024197,3.1980514840224696
345.0,345.00001133309155,3.235314608534527
346.0,346.0000113659411,3.12426433045842
347.0,347.0000113987906,3.1008027073002316
348.0,348.00001143164013,3.1133235827968044
349.0,349.00001146448966,3.0609393667519877
350.0,350.00001149733924,3.172366122561409
351.0,351.0000115301888,3.03965761635396
352.0,352.0000115630383,3.123389004034173
353.0,353.0000115958878,3.179874736715701
354.0,354.0000116287374,3.27545719160063
355.0,355.00001166158694,3.3125284151729253
356.0,356.00001169443647,3.2629796579254213
357.0,357.000011727286,3.3144085555937233
358.0,358.0000117601356,3.296612256357564
359.0,359.0000117929851,3.5580422400618232
360.0,360.00001182583463,3.445856115802923
361.0,361.00001185868416,3.48014481868421
362.0,362.0000118915337,3.509090638842884
363.0,363.0000119243833,3.6584543688989193
364.0,364.0000119572328,3.7131597415034285
365.0,365.0000119900823,3.5514956226545733
366.0,366.00001202293186,3.441054441431376
367.0,367.00001205578144,3.3123388568332586
368.0,368.00001208863097,3.2225382056175405
369.0,369.0000121214805,3.3154993164020614
370.0,370.00001215433,3.4376907711628846
371.0,371.0000121871796,3.2804971293840257
372.0,372.00001222002913,3.399490147330161
373.0,373.00001225287866,3.3712707430730893
374.0,374.0000122857282,3.3663324326346746
375.0,375.0000123185777,3.3811277400790716
376.0,376.0000123514273,3.4407180558594628
377.0,377.00001238427683,3.3671169149887628
378.0,378.00001241712636,3.4041569578775737
379.0,379.0000124499759,3.2137560321144445
380.0,380.00001248282547,3.230169247376637
381.0,381.000012515675,3.277769806016351
382.0,382.0000125485245,3.0628195392139226
383.0,383.00001258137405,2.9881364597971154
384.0,384.0000126142236,2.9433593750066307
385.0,385.00001264707316,3.2210243382751673
386.0,386.0000126799227,3.42293318490516
387.0,387.0000127127722,3.285887175813581
388.0,388.00001274562175,3.1443990616639184
389.0,389.00001277847133,3.3256515114322394
390.0,390.00001281132086,3.4212851683894376
391.0,391.0000128441704,3.2953041582421476
392.0,392.0000128770199,3.17571586603912
393.0,393.0000129098695,3.107024637102708
394.0,394.000012942719,3.281003918772226
395.0,395.00001297556855,3.2149863468824016
396.0,396.0000130084181,3.1808164637856033
397.0,397.0000130412676,3.3413875341696992
398.0,398.0000130741172,3.3906290033231827
399.0,399.0000131069667,3.3595376829165944
400.0,400.00001313981625,3.271058174093898
401.0,401.0000131726658,3.4073825182018287
402.0,402.00001320551536,3.340014514048873
403.0,403.0000132383649,3.4568669413963833
404.0,404.0000132712144,3.5627489145594486
405.0,405.00001330406394,3.4362733805541694
406.0,406.0000133369135,3.4812568969628392
407.0,407.00001336976305,3.387402191111989
408.0,408.0000134026126,3.3035342173330586
409.0,409.0000134354621,3.3240745948303894
410.0,410.00001346831164,3.444489607050202
411.0,411.0000135011612,3.6235890663309145
412.0,412.00001353401075,3.679731945152168
413.0,413.0000135668603,3.531368266862643
414.0,414.0000135997098,3.456098487720071
415.0,415.0000136325594,3.360639101074125
416.0,416.0000136654089,3.113056299732216
417.0,417.00001369825844,3.3239282936002805
418.0,418.00001373110797,3.225251003009456
419.0,419.00001376395755,3.1731423678157555
420.0,420.0000137968071,3.1576536643746995
421.0,421.0000138296566,3.1733649963432784
422.0,422.00001386250614,3.1833659120613067
423.0,423.00001389535566,3.291590246678704
424.0,424.00001392820525,3.3762049919417385
425.0,425.0000139610548,3.359648900472698
426.0,426.0000139939043,3.1895338986807924
427.0,427.00001402675383,3.2430800158670627
428.0,428.0000140596034,3.265264155398654
429.0,429.00001409245294,3.182908456950383
430.0,430.00001412530247,3.3471233250097137
431.0,431.000014158152,3.3088804731337835
432.0,432.0000141910016,3.3432527014764197
433.0,433.0000142238511,3.2275109855433377
434.0,434.00001425670064,3.4874396688802123
435.0,435.00001428955017,3.386246087484308
436.0,436.0000143223997,3.3309538214198486
437.0,437.0000143552493,3.392941781455748
438.0,438.0000143880988,3.468842867244676
439.0,439.00001442094833,3.3242794030551472
440.0,440.00001445379786,3.3886989328958204
441.0,441.00001448664744,3.3808540660479443
442.0,442.000014519497,3.2361094972271336
443.0,443.0000145523465,3.4261675539465544
444.0,444.000014585196,3.489120800823889
445.0,445.0000146180456,3.36303715314476
446.0,446.00001465089514,3.3739362337756327
447.0,447.00001468374467,3.2616717185663346
448.0,448.0000147165942,3.552185550232656
449.0,449.0000147494437,3.448559693839435
450.0,450.0000147822933,3.546649864779206
451.0,451.00001481514283,3.3238947675617423
452.0,452.00001484799236,3.305452724653136
453.0,453.0000148808419,3.248973314084034
454.0,454.0000149136915,3.2647639975947733
455.0,455.000014946541,3.476088524979077
456.0,456.0000149793905,3.3614675715093676
457.0,457.00001501224006,3.24886516963509
458.0,458.00001504508964,3.4131010839802913
459.0,459.00001507793917,3.302018272300112
460.0,460.0000151107887,3.413830959222598
461.0,461.0000151436382,3.392337354281698
462.0,462.00001517648775,3.384812916867289
463.0,463.00001520933733,3.643567438327633
464.0,464.00001524218686,3.4075924887669298
465.0,465.0000152750364,3.3872926989060024
466.0,466.0000153078859,3.5773496506408113
467.0,467.0000153407355,3.6437999395081313
468.0,468.00001537358503,3.5504958576059797
469.0,469.00001540643456,3.7253789723451156
470.0,470.0000154392841,3.4994886262364693
471.0,471.00001547213367,3.4980143682189504
472.0,472.0000155049832,3.565296450968888
473.0,473.0000155378327,3.6389930647926985
474.0,474.00001557068225,3.484168641577525
475.0,475.0000156035318,3.643261949727825
476.0,476.00001563638136,3.6051226137867505
477.0,477.0000156692309,3.5656978662843914
478.0,478.0000157020804,3.3673504095311935
479.0,479.00001573492995,3.308281523440906
480.0,480.00001576777953,3.3296681602424276
481.0,481.00001580062906,3.2267352125119673
482.0,482.0000158334786,3.2843147425546784
483.0,483.0000158663281,3.3375149525817602
484.0,484.0000158991777,3.275799607143477
485.0,485.0000159320272,3.4142959210324015
486.0,486.00001596487675,3.4052088519464023
487.0,487.0000159977263,3.355233840110874
488.0,488.0000160305758,3.3219660204636274
489.0,489.0000160634254,3.3720809868058716
490.0,490.0000160962749,3.3427532556871546
491.0,491.00001612912445,3.370220560080281
492.0,492.000016161974,3.2625817151210628
493.0,493.00001619482356,3.37802600041144
494.0,494.0000162276731,3.5208166556973715
495.0,495.0000162605226,3.4291489664044104
496.0,496.00001629337214,3.5615636601320975
497.0,497.0000163262217,3.3599121154768827
498.0,498.00001635907125,3.4374429109412503
499.0,499.0000163919208,3.5806362037726744
500.0,500.0000164247703,3.5139786695794046
501.0,501.00001645761984,3.5928674188251852
502.0,502.0000164904694,3.5785556528381073
503.0,503.00001652331895,3.3557935441695546
504.0,504.0000165561685,3.36762369799879
505.0,505.000016589018,3.27334692551706
506.0,506.0000166218676,3.5082010304304494
507.0,507.0000166547171,3.4197627936063757
508.0,508.00001668756664,3.477103317263085
509.0,509.00001672041617,3.449266805187852
510.0,510.00001675326575,3.3708395241967657
511.0,511.0000167861153,3.336435723973752
512.0,512.0000168189648,3.391596381043611
513.0,513.0000168518144,3.4031971606207523
514.0,514.0000168846639,3.2265611492837967
515.0,515.0000169175134,3.400994649063846
516.0,516.0000169503629,3.2381665232857193
517.0,517.0000169832125,3.2166967431862914
518.0,518.0000170160621,3.168558539851396
519.0,519.0000170489116,3.20649420833746
520.0,520.0000170817611,3.3202472253719426
521.0,521.0000171146107,3.301834608704309
522.0,522.0000171474602,3.3544862128791504
523.0,523.0000171803098,3.370750324354808
524.0,524.0000172131593,3.170191986161439
525.0,525.0000172460088,3.3225283944626236
526.0,526.0000172788584,3.2148265645667147
527.0,527.0000173117079,3.3621149931947114
528.0,528.0000173445575,3.4025275361091114
529.0,529.000017377407,3.302285963243709
530.0,530.0000174102565,3.2650760567482693
531.0,531.0000174431061,3.323193891905879
532.0,532.0000174759556,3.3323227348645807
533.0,533.0000175088052,3.3555679365541766
534.0,534.0000175416548,3.338523710647017
535.0,535.0000175745042,3.3475545605430637
536.0,536.0000176073538,3.308156608194438
537.0,537.0000176402033,3.3325731237430167
538.0,538.0000176730529,3.2435234103045185
539.0,539.0000177059025,3.3573772831609294
540.0,540.0000177387519,3.5172218205603394
541.0,541.0000177716015,3.513385094056883
542.0,542.000017804451,3.5578314351460523
543.0,543.0000178373006,3.505205197719813
544.0,544.0000178701501,3.56123864807959
545.0,545.0000179029996,3.6027223754419238
546.0,546.0000179358492,3.485408963373404
547.0,547.0000179686988,3.476500725551574
548.0,548.0000180015483,3.4652465167826234
549.0,549.0000180343978,3.5225788322661056
550.0,550.0000180672473,3.5136448678679306
551.0,551.0000181000969,3.5403138049332084
552.0,552.0000181329465,3.636995072938078
553.0,553.000018165796,3.5945837148439996
554.0,554.0000181986455,3.5823577167120177
555.0,555.000018231495,3.577350257921402
556.0,556.0000182643446,3.58068768212129
557.0,557.0000182971942,3.7117319989925552
558.0,558.0000183300436,3.6522312242038244
559.0,559.0000183628932,3.5250967355038068
560.0,560.0000183957428,3.5979962903050664
561.0,561.0000184285923,3.5271998639107034
562.0,562.0000184614419,3.748297805127955
563.0,563.0000184942913,3.7410251684359763
564.0,564.0000185271409,3.8022540728450065
565.0,565.0000185599905,3.8915142107265157
566.0,566.00001859284,3.613569408172591
567.0,567.0000186256896,3.6987231478588485
568.0,568.000018658539,3.949546293713286
569.0,569.0000186913886,3.8132770262490294
570.0,570.0000187242382,3.6818157415665858
571.0,571.0000187570877,3.8416681286944305
572.0,572.0000187899373,3.668584510664084
573.0,573.0000188227868,3.853010676530296
574.0,574.0000188556363,3.541279099363951
575.0,575.0000188884859,3.56646119877569
576.0,576.0000189213354,3.4370625694447368
577.0,577.000018954185,3.588873163215331
578.0,578.0000189870345,3.513070914876039
579.0,579.000019019884,3.703419937752737
580.0,580.0000190527336,3.748176165640187
581.0,581.0000190855831,3.72886460189844
582.0,582.0000191184326,3.673579601989385
583.0,583.0000191512822,3.68197852133724
584.0,584.0000191841317,3.641104657040707
585.0,585.0000192169813,3.53273944866916
586.0,586.0000192498309,3.6728006011090373
587.0,587.0000192826803,3.5950261742479377
588.0,588.0000193155299,3.7210770946190284
589.0,589.0000193483794,3.686183091760583
590.0,590.000019381229,3.485726123422765
591.0,591.0000194140786,3.4431656752318327
592.0,592.000019446928,3.5379808312296244
593.0,593.0000194797776,3.6418765345060535
594.0,594.0000195126271,3.4936557048488464
595.0,595.0000195454767,3.4124084858878954
596.0,596.0000195783263,3.3218090632103037
597.0,597.0000196111757,3.2273579484300337
598.0,598.0000196440253,3.2619057043419435
599.0,599.0000196768749,3.225616420905627
600.0,600.0000197097244,3.1476171019300874
601.0,601.000019742574,3.2096833992290184
602.0,602.0000197754234,3.2955866897899098
603.0,603.000019808273,3.425240688326196
604.0,604.0000198411226,3.308440266099138
605.0,605.0000198739721,3.207958886496684
606.0,606.0000199068216,3.194953570274674
607.0,607.0000199396711,3.3260811465507905
608.0,608.0000199725207,3.145442642957643
609.0,609.0000200053703,3.2965503430166234
610.0,610.0000200382198,3.3000145655096995
611.0,611.0000200710693,3.2570554829637524
612.0,612.0000201039189,3.4831969503683453
613.0,613.0000201367684,3.279616448524095
614.0,614.000020169618,3.250963358543085
615.0,615.0000202024675,3.3321010035659766
616.0,616.000020235317,3.423426239675287
617.0,617.0000202681666,3.27729317261208
618.0,618.0000203010161,3.260460973195779
619.0,619.0000203338657,3.268085384701967
620.0,620.0000203667151,3.194127345509006
621.0,621.0000203995647,3.3174288703257964
622.0,622.0000204324143,3.3433502966419106
623.0,623.0000204652638,3.1946202137919304
624.0,624.0000204981134,3.5040831157644745
625.0,625.000020530963,3.5826378655860944
626.0,626.0000205638124,3.487745696489418
627.0,627.000020596662,3.548159325117698
628.0,628.0000206295115,3.454018522541688
629.0,629.0000206623611,3.4585557359340777
630.0,630.0000206952107,3.6164513666213884
631.0,631.0000207280601,3.6132629539964705
632.0,632.0000207609097,3.527355028072096
633.0,633.0000207937592,3.6555462252902937
634.0,634.0000208266088,3.577432478521285
635.0,635.0000208594583,3.4504450719620983
636.0,636.0000208923078,3.7658683908906116
637.0,637.0000209251574,3.700547142873602
638.0,638.000020958007,3.712704841960908
639.0,639.0000209908565,3.666881264665116
640.0,640.000021023706,3.607047528441014
641.0,641.0000210565555,3.3749164124741347
642.0,642.0000210894051,3.313027993132524
643.0,643.0000211222547,3.601101399961798
644.0,644.0000211551042,3.3907057441498405
645.0,645.0000211879537,3.4733509730090386
646.0,646.0000212208032,3.383114397840558
647.0,647.0000212536528,3.373403625768182
648.0,648.0000212865024,3.4245295069552677
649.0,649.0000213193518,3.538020843756444
650.0,650.0000213522014,3.5136404794690814
651.0,651.000021385051,3.5750598456120284
652.0,652.0000214179005,3.719309732761439
653.0,653.0000214507501,3.717532165086762
654.0,654.0000214835995,3.672254657484094
655.0,655.0000215164491,3.5172835537300853
656.0,656.0000215492987,3.6499553329587813
657.0,657.0000215821482,3.613357865166713
658.0,658.0000216149978,3.5583557339080856
659.0,659.0000216478472,3.70851271492055
660.0,660.0000216806968,3.688992348913689
661.0,661.0000217135464,3.653507106532418
662.0,662.0000217463959,3.615686126779643
663.0,663.0000217792455,3.7108103684290876
664.0,664.000021812095,3.794499968492854
665.0,665.0000218449445,3.9414739598167574
666.0,666.0000218777941,4.027666091878046
667.0,667.0000219106436,3.992659672568915
668.0,668.0000219434932,3.940062143003629
669.0,669.0000219763427,3.965959342990286
670.0,670.0000220091922,3.965490418567245
671.0,671.0000220420418,4.034239046320112
672.0,672.0000220748913,4.160676325662045
673.0,673.0000221077408,3.7192829240790424
674.0,674.0000221405904,3.8530357679675493
675.0,675.0000221734399,3.8586329416050873
676.0,676.0000222062895,3.7995130070796557
677.0,677.0000222391391,3.7839144038248587
678.0,678.0000222719885,3.8065210190335734
679.0,679.0000223048381,3.7809430245067728
680.0,680.0000223376876,3.873444377786879
681.0,681.0000223705372,3.951575740226261
682.0,682.0000224033868,3.7659928488820618
683.0,683.0000224362362,3.78933528051795
684.0,684.0000224690858,3.7657262949093244
685.0,685.0000225019353,3.789788862420295
686.0,686.0000225347849,3.6866392244647765
687.0,687.0000225676345,3.721181002970365
688.0,688.0000226004839,3.795614974245263
689.0,689.0000226333335,3.9134191946631764
690.0,690.0000226661831,3.90315443670132
691.0,691.0000226990326,3.939072602480858
692.0,692.0000227318822,3.982542017692804
693.0,693.0000227647316,4.011374320300701
694.0,694.0000227975812,3.9828381708912834
695.0,695.0000228304308,3.9540989153595905
696.0,696.0000228632803,4.197278792548105
697.0,697.0000228961298,3.905320084755411
698.0,698.0000229289793,3.8718774400821308
699.0,699.0000229618289,4.014667016778228
700.0,700.0000229946785,4.084907209682683
701.0,701.000023027528,3.969771336491716
702.0,702.0000230603775,3.9097477443945534
703.0,703.0000230932271,3.8303921703129356
704.0,704.0000231260766,3.745409440154035
705.0,705.0000231589262,3.7484629069034408
706.0,706.0000231917757,3.949144872231093
707.0,707.0000232246252,3.990302968379546
708.0,708.0000232574748,3.9168187101149927
709.0,709.0000232903243,4.015969254550321
710.0,710.0000233231739,4.012401008771683
711.0,711.0000233560233,3.773820079945459
712.0,712.0000233888729,3.9565677494689933
713.0,713.0000234217225,3.973173971054754
714.0,714.000023454572,3.929994413176101
715.0,715.0000234874216,3.80680457069944
716.0,716.0000235202712,3.716604379730153
717.0,717.0000235531206,4.037513350417504
718.0,718.0000235859702,4.0717678097671595
719.0,719.0000236188197,4.042445522836413
720.0,720.0000236516693,3.7538080364917357
721.0,721.0000236845189,4.033901748479575
722.0,722.0000237173683,3.848323193167281
723.0,723.0000237502179,3.793805674794389
724.0,724.0000237830674,3.6933567111603396
725.0,725.000023815917,3.9442203138626257
726.0,726.0000238487665,4.042694056626214
727.0,727.000023881616,3.8979455526957127
728.0,728.0000239144656,4.022624788121102
729.0,729.0000239473152,3.8322283233740326
730.0,730.0000239801647,3.6911055823220735
731.0,731.0000240130142,3.7429323620913144
732.0,732.0000240458637,3.8227268684697413
733.0,733.0000240787133,3.728718136631171
734.0,734.0000241115629,3.7272835587063526
735.0,735.0000241444124,3.759388916123686
736.0,736.0000241772619,3.770574008715894
737.0,737.0000242101114,3.730623921205053
738.0,738.000024242961,3.9149255379397703
739.0,739.0000242758106,4.232069375019456
740.0,740.00002430866,4.2347394928613
741.0,741.0000243415096,4.279272519975447
742.0,742.0000243743592,4.137589041382448
743.0,743.0000244072087,3.8710737202611925
744.0,744.0000244400583,4.064058079624651
745.0,745.0000244729077,3.981529180116302
746.0,746.0000245057573,4.023458030958427
747.0,747.0000245386069,4.158174992180224
748.0,748.0000245714564,4.05186388244755
749.0,749.000024604306,3.9730529826064367
750.0,750.0000246371554,4.019543690654302
751.0,751.000024670005,3.7910875836058167
752.0,752.0000247028546,3.6754163923881906
753.0,753.0000247357041,3.6975026056940576
754.0,754.0000247685537,3.5570898097273336
755.0,755.0000248014032,3.6559178961946115
756.0,756.0000248342527,3.7851630860798715
757.0,757.0000248671023,3.7671356935743794
758.0,758.0000248999518,3.830206989070555
759.0,759.0000249328014,3.946034876194822
760.0,760.0000249656509,3.9492559058493795
761.0,761.0000249985004,3.7296169221246265
762.0,762.00002503135,3.610301465593324
763.0,763.0000250641995,3.7813140034438657
764.0,764.000025097049,3.5733027168754843
765.0,765.0000251298986,3.4858074541811392
766.0,766.0000251627481,3.7155427077896226
767.0,767.0000251955977,3.7463131388277757
768.0,768.0000252284472,3.634247846974218
769.0,769.0000252612967,3.833015646614906
770.0,770.0000252941463,3.7518220648651677
771.0,771.0000253269958,3.8418074651615943
772.0,772.0000253598454,3.8656755079703795
773.0,773.000025392695,3.892732590719754
774.0,774.0000254255444,3.85311457865874
775.0,775.000025458394,3.6532706532371986
776.0,776.0000254912435,3.678123230668969
777.0,777.0000255240931,3.630407653937243
778.0,778.0000255569427,3.6326692173320385
779.0,779.0000255897921,3.6104843284766948
780.0,780.0000256226417,3.898273679475261
781.0,781.0000256554912,3.7468461541247455
782.0,782.0000256883408,4.029280793524143
783.0,783.0000257211904,3.891810362953235
784.0,784.0000257540398,3.812987373484085
785.0,785.0000257868894,4.0578227208163815
786.0,786.000025819739,3.945727737161856
787.0,787.0000258525885,3.8945590317049956
788.0,788.000025885438,3.837876339711539
789.0,789.0000259182875,3.854518900633854
790.0,790.0000259511371,4.03726758677451
791.0,791.0000259839867,3.8014305516208577
792.0,792.0000260168362,3.7143148433064153
793.0,793.0000260496857,4.019923731740915
794.0,794.0000260825352,3.9472505915694804
795.0,795.0000261153848,3.9349913737416
796.0,796.0000261482344,4.030933270740551
797.0,797.0000261810839,3.8474181182148515
798.0,798.0000262139334,3.7345580868864356
799.0,799.000026246783,3.8940953702628662
800.0,800.0000262796325,3.959644225363214
801.0,801.0000263124821,3.844543945287461
802.0,802.0000263453315,3.690543559025256
803.0,803.0000263781811,4.000596163848241
804.0,804.0000264110307,4.161432561044487
805.0,805.0000264438802,4.0702988126649435
806.0,806.0000264767298,4.278290366978951
807.0,807.0000265095792,4.108742988631711
808.0,808.0000265424288,4.2327135580047335
809.0,809.0000265752784,4.088602258213982
810.0,810.0000266081279,4.185863942047843
811.0,811.0000266409775,4.200575459955233
812.0,812.000026673827,4.1326871884231995
813.0,813.0000267066765,3.9195252176350195
814.0,814.0000267395261,4.075078026470558
815.0,815.0000267723756,4.331469525496964
816.0,816.0000268052252,4.310569280507916
817.0,817.0000268380747,4.33768491157821
818.0,818.0000268709242,4.338545956433042
819.0,819.0000269037738,4.107281966438201
820.0,820.0000269366233,4.440655279400551
821.0,821.0000269694729,4.276183309765721
822.0,822.0000270023224,4.2949076808587
823.0,823.0000270351719,4.076346695469746
824.0,824.0000270680215,3.9301612050321526
825.0,825.0000271008711,4.050830150292307
826.0,826.0000271337206,3.8996675421666733
827.0,827.0000271665701,4.0020984313459405
828.0,828.0000271994196,3.9058667279555896
829.0,829.0000272322692,3.862371649855967
830.0,830.0000272651188,3.97367625675206
831.0,831.0000272979682,3.9825608674587425
832.0,832.0000273308178,3.9642724478787876
833.0,833.0000273636673,3.841379864415368
834.0,834.0000273965169,4.03746197592161
835.0,835.0000274293665,4.046369977042114
836.0,836.0000274622159,3.9610615253205164
837.0,837.0000274950655,4.1054240084186215
838.0,838.0000275279151,4.043057754790224
839.0,839.0000275607646,4.037871048481515
840.0,840.0000275936142,4.18368922047682
841.0,841.0000276264636,3.887380256309492
842.0,842.0000276593132,3.988230824764263
843.0,843.0000276921628,4.002622220936604
844.0,844.0000277250123,3.9844102780891055
845.0,845.0000277578619,3.9277746856529685
846.0,846.0000277907113,3.9423255442228835
847.0,847.0000278235609,3.9902577598010507
848.0,848.0000278564105,4.117591835081057
849.0,849.00002788926,4.1872039804046945
850.0,850.0000279221096,4.024139079698285
851.0,851.0000279549591,4.025209388052721
852.0,852.0000279878086,3.993153669880019
853.0,853.0000280206582,3.9822785991212117
854.0,854.0000280535077,4.052296655786529
855.0,855.0000280863572,3.9901537355936942
856.0,856.0000281192068,3.9575842291230225
857.0,857.0000281520563,3.9633261885619016
858.0,858.0000281849059,3.936982503708036
859.0,859.0000282177554,3.986377619312863
860.0,860.0000282506049,4.062975692249235
861.0,861.0000282834545,4.182296563858296
862.0,862.000028316304,4.18493267272635
863.0,863.0000283491536,4.1941039169828835
864.0,864.0000283820032,3.9922371395224285
865.0,865.0000284148526,3.9030452150941604
866.0,866.0000284477022,4.119068807907744
867.0,867.0000284805517,4.060102771949238
868.0,868.0000285134013,3.932215314831461
869.0,869.0000285462509,3.94716578505824
870.0,870.0000285791003,4.101586052310967
871.0,871.0000286119499,3.9928515717306965
872.0,872.0000286447994,3.9267973125244064
873.0,873.000028677649,3.939528545726066
874.0,874.0000287104986,4.055444892799966
875.0,875.000028743348,3.971767550923533
876.0,876.0000287761976,3.983325479258143
877.0,877.0000288090472,4.100518391424601
878.0,878.0000288418967,4.0743051106122845
879.0,879.0000288747462,3.9905876494764376
880.0,880.0000289075957,3.9504344516649126
881.0,881.0000289404453,3.9765576118844184
882.0,882.0000289732949,3.7566474553114615
883.0,883.0000290061444,3.6946843866391594
884.0,884.000029038994,3.7415065532003737
885.0,885.0000290718434,3.617539126262262
886.0,886.000029104693,3.8876625977466257
887.0,887.0000291375426,3.7814482984633035
888.0,888.000029170392,3.8158892274175935
889.0,889.0000292032416,3.8071799321579505
890.0,890.0000292360912,3.6874359842567825
891.0,891.0000292689407,3.5528592377763255
892.0,892.0000293017903,3.661127525054522
893.0,893.0000293346397,3.6213329018615217
894.0,894.0000293674893,3.611111377359837
895.0,895.0000294003389,3.7104842184979763
896.0,896.0000294331884,3.7636098882124727
897.0,897.000029466038,3.873306977776759
898.0,898.0000294988874,3.7049066795086025
899.0,899.000029531737,3.6725926620234914
900.0,900.0000295645866,3.818659961940074
901.0,901.0000295974361,3.779615926863141
902.0,902.0000296302857,3.7706342280420104
903.0,903.0000296631353,3.648608400517543
904.0,904.0000296959847,3.712739018492598
905.0,905.0000297288343,3.675224393454414
906.0,906.0000297616838,3.768455987524718
907.0,907.0000297945334,3.7084685668372575
908.0,908.000029827383,3.6021450253373626
909.0,909.0000298602324,3.6982858624716886
910.0,910.000029893082,3.567050993459147
911.0,911.0000299259315,3.6583391410961497
912.0,912.000029958781,3.8475159773677774
913.0,913.0000299916306,3.7111676861460507
914.0,914.0000300244801,3.8752224492719716
915.0,915.0000300573297,3.890577939473997
916.0,916.0000300901793,3.6931102700035203
917.0,917.0000301230288,3.7632719793609604
918.0,918.0000301558783,3.7081089003078174
919.0,919.0000301887278,3.934555936142366
920.0,920.0000302215774,3.964910953464231
921.0,921.000030254427,4.024107944265713
922.0,922.0000302872764,4.0107429315937395
923.0,923.000030320126,3.843543716124908
924.0,924.0000303529755,3.8409577404091855
925.0,925.0000303858251,3.810033950796076
926.0,926.0000304186747,3.936343148618323
927.0,927.0000304515241,4.088760557238518
928.0,928.0000304843737,3.969570691729868
929.0,929.0000305172233,3.9082283503508366
930.0,930.0000305500728,3.990190406377285
931.0,931.0000305829224,4.069133815648974
932.0,932.0000306157718,4.017021292220169
933.0,933.0000306486214,3.9687262379275663
934.0,934.000030681471,3.7320305372367777
935.0,935.0000307143205,3.866157657271688
936.0,936.0000307471701,3.713645405302744
937.0,937.0000307800195,3.6945049538332295
938.0,938.0000308128691,3.7886181019288827
939.0,939.0000308457187,3.9688729214323537
940.0,940.0000308785682,3.78684813653737
941.0,941.0000309114178,3.8222159179704236
942.0,942.0000309442673,3.930559834103582
943.0,943.0000309771168,3.8654661786071687
944.0,944.0000310099664,4.027014789869191
945.0,945.0000310428159,3.933766362008715
946.0,946.0000310756654,3.8927719644694694
947.0,947.000031108515,3.895919897858142
948.0,948.0000311413645,4.059422764796686
949.0,949.0000311742141,4.2450653783593495
950.0,950.0000312070636,3.8370431346643556
951.0,951.0000312399131,4.126004853876034
952.0,952.0000312727627,3.925937522638603
953.0,953.0000313056122,4.082100042707015
954.0,954.0000313384618,3.8909316526289097
955.0,955.0000313713114,3.994149758551039
956.0,956.0000314041608,3.838464975038212
957.0,957.0000314370104,4.011580171743624
958.0,958.0000314698599,3.960161740480403
959.0,959.0000315027095,3.975514257793105
960.0,960.0000315355591,4.171795719035369
961.0,961.0000315684085,4.15913048663607
962.0,962.0000316012581,4.108042961311586
963.0,963.0000316341076,4.033073389697623
964.0,964.0000316669572,3.7990172118498755
965.0,965.0000316998068,4.011464223753505
966.0,966.0000317326562,4.093503316168672
967.0,967.0000317655058,4.064096617692917
968.0,968.0000317983554,4.304999533840987
969.0,969.0000318312049,4.344302616332919
970.0,970.0000318640544,4.134438303233278
971.0,971.0000318969039,3.990166206271663
972.0,972.0000319297535,4.120352425663903
973.0,973.0000319626031,3.8221944259750558
974.0,974.0000319954526,3.931766100757065
975.0,975.0000320283021,4.110147633108994
976.0,976.0000320611516,4.07193204354158
977.0,977.0000320940012,4.004343145657377
978.0,978.0000321268508,3.9756299549044454
979.0,979.0000321597003,4.064310254666262
980.0,980.0000321925498,3.9685713479660927
981.0,981.0000322253994,4.058506019972449
982.0,982.0000322582489,3.9640265870783016
983.0,983.0000322910985,3.969761719800024
984.0,984.000032323948,4.185281767870803
985.0,985.0000323567975,4.085921198004677
986.0,986.0000323896471,3.8705083189795104
987.0,987.0000324224966,3.924450256214782
988.0,988.0000324553462,3.9654120269121638
989.0,989.0000324881956,4.103903632262791
990.0,990.0000325210452,4.047417256428887
991.0,991.0000325538948,4.076976885902203
992.0,992.0000325867443,4.0049044374179115
993.0,993.0000326195939,3.817680452619206
994.0,994.0000326524435,3.9753554670681086
995.0,995.0000326852929,3.7954378186347375
996.0,996.0000327181425,3.7739310477054
997.0,997.000032750992,3.834626661049571
998.0,998.0000327838416,3.9333092313978364
999.0,999.0000328166911,3.7723706819968763
1000.0,1000.0000328495406,3.741141631218269
1001.0,1001.0000328823902,3.675679156862629
1002.0,1002.0000329152397,3.709338809486963
1003.0,1003.0000329480893,3.589768899893441
1004.0,1004.0000329809388,3.8544631812991246
1005.0,1005.0000330137883,3.6449945769508583
1006.0,1006.0000330466379,3.574422308276728
1007.0,1007.0000330794875,3.556924821279506
1008.0,1008.000033112337,3.463522869843453
1009.0,1009.0000331451865,3.6515079957817824
1010.0,1010.000033178036,3.5948203074731997
1011.0,1011.0000332108856,3.561805201093902
1012.0,1012.0000332437352,3.54753064913669
1013.0,1013.0000332765846,3.605934384795295
1014.0,1014.0000333094342,3.6406103778815426
1015.0,1015.0000333422837,3.9597277148488708
1016.0,1016.0000333751333,4.09108202734225
1017.0,1017.0000334079829,3.823853477149576
1018.0,1018.0000334408323,3.938303005027755
1019.0,1019.0000334736819,3.8230694257484674
1020.0,1020.0000335065315,3.7453576130991144
1021.0,1021.000033539381,3.6790976603972725
1022.0,1022.0000335722306,3.7034412873898357
1023.0,1023.00003360508,3.871356960952989
1024.0,1024.0000336379296,3.709501529699027
1025.0,1025.0000336707792,3.962769102585789
1026.0,1026.0000337036288,3.7718576640806707
1027.0,1027.0000337364781,3.8218544952001716
1028.0,1028.0000337693277,3.746610349561982
1029.0,1029.0000338021773,3.7314312954379885
1030.0,1030.000033835027,3.70080812788837
1031.0,1031.0000338678765,3.5986550447937975
1032.0,1032.0000339007258,3.652949195875242
1033.0,1033.0000339335754,3.790617954973083
1034.0,1034.000033966425,3.6826861085115232
1035.0,1035.0000339992746,3.8050590441026877
1036.0,1036.0000340321242,3.7449716496607244
1037.0,1037.0000340649735,3.7584187718256037
1038.0,1038.0000340978231,3.7123580569958095
1039.0,1039.0000341306727,3.745892964206692
1040.0,1040.0000341635223,3.6896571830104348
1041.0,1041.0000341963719,3.659130615069347
1042.0,1042.0000342292215,3.7642810415538475
1043.0,1043.0000342620708,3.770195445735097
1044.0,1044.0000342949204,3.782465707298636
1045.0,1045.00003432777,3.771525715073482
1046.0,1046.0000343606196,3.828971350761739
1047.0,1047.0000343934692,4.013462399127109
1048.0,1048.0000344263185,4.044206418022036
1049.0,1049.000034459168,3.971507647574776
1050.0,1050.0000344920177,3.7550779655081965
1051.0,1051.0000345248673,3.7705047917770416
1052.0,1052.0000345577168,3.8315829165728448
1053.0,1053.0000345905662,3.8268363613955043
1054.0,1054.0000346234158,3.6863712512828957
1055.0,1055.0000346562654,3.6769456912815635
1056.0,1056.000034689115,3.644822873585021
1057.0,1057.0000347219645,3.7293565489901574
1058.0,1058.000034754814,3.6913455995519007
1059.0,1059.0000347876635,3.647336987051413
1060.0,1060.000034820513,3.72745189562063
1061.0,1061.0000348533626,3.7175981330319146
1062.0,1062.0000348862122,3.692336307049071
1063.0,1063.0000349190616,3.7491776665837264
1064.0,1064.0000349519112,3.6349360980665484
1065.0,1065.0000349847608,3.799088289069937
1066.0,1066.0000350176103,3.994352832452875
1067.0,1067.00003505046,3.758935067846249
1068.0,1068.0000350833095,4.092914971417681
1069.0,1069.0000351161589,4.09659662512199
1070.0,1070.0000351490085,4.0836098851349805
1071.0,1071.000035181858,4.011497710676212
1072.0,1072.0000352147076,3.8500867028001076
1073.0,1073.0000352475572,3.8364864074061167
1074.0,1074.0000352804066,4.083672763718244
1075.0,1075.0000353132561,4.2536039522163644
1076.0,1076.0000353461057,4.208015940820737
1077.0,1077.0000353789553,4.159988612433513
1078.0,1078.000035411805,4.375348379623542
1079.0,1079.0000354446543,4.2903588176124705
1080.0,1080.0000354775038,4.343544327186914
1081.0,1081.0000355103534,4.096604055111997
1082.0,1082.000035543203,4.287521219282552
1083.0,1083.0000355760526,4.140461812633125
1084.0,1084.000035608902,4.220043906277427
1085.0,1085.0000356417515,4.314125641083308
1086.0,1086.0000356746011,4.329147110663195
1087.0,1087.0000357074507,4.295039343565793
1088.0,1088.0000357403003,4.081897245848026
1089.0,1089.0000357731496,4.383164528262888
1090.0,1090.0000358059992,4.1901675877718025
1091.0,1091.0000358388488,4.203156885127979
1092.0,1092.0000358716984,3.986522300351491
1093.0,1093.000035904548,3.997495853631405
1094.0,1094.0000359373976,3.9506416671432696
1095.0,1095.000035970247,3.9625324888199134
1096.0,1096.0000360030965,4.038740067407264
1097.0,1097.000036035946,4.142725160641048
1098.0,1098.0000360687957,4.012980550390963
1099.0,1099.0000361016453,4.029203037332607
1100.0,1100.0000361344946,4.131655878328938
1101.0,1101.0000361673442,4.208630999661504
1102.0,1102.0000362001938,4.45510898083418
1103.0,1103.0000362330434,4.412928893358399
1104.0,1104.000036265893,4.26851827136073
1105.0,1105.0000362987423,4.304414652991152
1106.0,1106.000036331592,4.329672883167777
1107.0,1107.0000363644415,4.220104391250116
1108.0,1108.000036397291,4.137539440882856
1109.0,1109.0000364301407,4.013728607291799
1110.0,1110.00003646299,4.148916977010065
1111.0,1111.0000364958396,4.194096833602147
1112.0,1112.0000365286892,4.138935786309894
1113.0,1113.0000365615388,4.103122148685402
1114.0,1114.0000365943883,4.411641350368623
1115.0,1115.0000366272377,4.7318137959146105
1116.0,1116.0000366600873,4.3477002637600135
1117.0,1117.0000366929369,4.57344986767838
1118.0,1118.0000367257865,4.471417851472809
1119.0,1119.000036758636,4.424780338015254
1120.0,1120.0000367914856,4.640827614174627
1121.0,1121.000036824335,4.626717235601933
1122.0,1122.0000368571846,4.374199460583614
1123.0,1123.0000368900342,4.457108909416941
1124.0,1124.0000369228837,4.17697413532626
1125.0,1125.0000369557333,4.388089765769664
1126.0,1126.0000369885827,4.612327276908669
1127.0,1127.0000370214323,4.414184038067332
1128.0,1128.0000370542818,4.3513514515845175
1129.0,1129.0000370871314,4.660379369825496
1130.0,1130.000037119981,4.787724570888144
1131.0,1131.0000371528304,4.90170959570585
1132.0,1132.00003718568,4.57382302831993
1133.0,1133.0000372185295,4.556708765580134
1134.0,1134.0000372513791,4.6452167174287124
1135.0,1135.0000372842287,4.463235799432803
1136.0,1136.000037317078,4.5583792139200865
1137.0,1137.0000373499277,4.60537647046798
1138.0,1138.0000373827772,4.6252231417501894
1139.0,1139.0000374156268,4.478243156421416
1140.0,1140.0000374484764,4.5244989000887434
1141.0,1141.0000374813258,4.685444827064422
1142.0,1142.0000375141753,4.8224020269591374
1143.0,1143.000037547025,4.736805472471707
1144.0,1144.0000375798745,4.810464205428623
1145.0,1145.000037612724,4.825968843093437
1146.0,1146.0000376455737,4.932123644526368
1147.0,1147.000037678423,5.081072486754804
1148.0,1148.0000377112726,5.152118171050944
1149.0,1149.0000377441222,4.758034012152725
1150.0,1150.0000377769718,4.573412605003599
1151.0,1151.0000378098214,4.923854373533538
1152.0,1152.0000378426707,4.921882492158872
1153.0,1153.0000378755203,4.729486464476789
1154.0,1154.00003790837,4.502493123735942
1155.0,1155.0000379412195,4.508797925699292
1156.0,1156.000037974069,4.624188522024872
1157.0,1157.0000380069184,4.608793815913297
1158.0,1158.000038039768,4.5334027739213765
1159.0,1159.0000380726176,4.51299860607174
1160.0,1160.0000381054672,4.402338910935444
1161.0,1161.0000381383168,4.228069353231924
1162.0,1162.0000381711661,4.383506822817893
1163.0,1163.0000382040157,4.470004202014024
1164.0,1164.0000382368653,4.727484707351073
1165.0,1165.0000382697149,4.751113219718433
1166.0,1166.0000383025645,4.51179522589275
1167.0,1167.0000383354138,4.425699211083241
1168.0,1168.0000383682634,4.493182500866232
1169.0,1169.000038401113,4.498886546156414
1170.0,1170.0000384339626,4.304811105947004
1171.0,1171.0000384668122,4.250570015247783
1172.0,1172.0000384996617,4.2871208279152695
1173.0,1173.000038532511,4.229205375000587
1174.0,1174.0000385653607,4.2864158228151785
1175.0,1175.0000385982103,4.346773595671692
1176.0,1176.0000386310599,4.191778045270656
1177.0,1177.0000386639094,4.3852542585850065
1178.0,1178.0000386967588,4.453972180697839
1179.0,1179.0000387296084,4.4236250906665555
1180.0,1180.000038762458,4.191389419794063
1181.0,1181.0000387953075,4.283050694434809
1182.0,1182.0000388281571,4.459144416048489
1183.0,1183.0000388610065,4.517162586941121
1184.0,1184.000038893856,4.400978661722423
1185.0,1185.0000389267057,4.598426863664051
1186.0,1186.0000389595552,4.34616028274589
1187.0,1187.0000389924048,4.384448567415677
1188.0,1188.0000390252542,4.36501247451139
1189.0,1189.0000390581038,4.214657878545412
1190.0,1190.0000390909534,3.886610712867951
1191.0,1191.000039123803,4.055865017692461
1192.0,1192.0000391566525,4.294902393504596
1193.0,1193.0000391895019,4.271605771598311
1194.0,1194.0000392223515,4.3426706500724475
1195.0,1195.000039255201,4.386128203129613
1196.0,1196.0000392880506,4.423987034213421
1197.0,1197.0000393209002,4.455867031588121
1198.0,1198.0000393537498,4.360897033942273
1199.0,1199.0000393865992,4.273686841206135
1200.0,1200.0000394194487,4.256927256553296
1201.0,1201.0000394522983,4.317242548207462
1202.0,1202.000039485148,4.436194368640998
1203.0,1203.0000395179975,4.359201126952738
1204.0,1204.0000395508469,4.545151277926803
1205.0,1205.0000395836964,4.439217085540066
1206.0,1206.000039616546,4.671010193754141
1207.0,1207.0000396493956,4.438497150685714
1208.0,1208.0000396822452,4.3093353878009415
1209.0,1209.0000397150945,4.190648067316134
1210.0,1210.0000397479441,4.465066238537269
1211.0,1211.0000397807937,4.26444898770402
1212.0,1212.0000398136433,4.335344947125096
1213.0,1213.0000398464929,4.181601034039167
1214.0,1214.0000398793422,4.333782574856135
1215.0,1215.0000399121918,4.229610783652426
1216.0,1216.0000399450414,4.388767539558087
1217.0,1217.000039977891,4.561345543918917
1218.0,1218.0000400107406,4.453624431739802
1219.0,1219.00004004359,4.305824825939595
1220.0,1220.0000400764395,4.715054993996492
1221.0,1221.000040109289,4.6948680398316185
1222.0,1222.0000401421387,4.5199669643030465
1223.0,1223.0000401749883,4.450288601810319
1224.0,1224.0000402078379,4.451853743404737
1225.0,1225.0000402406872,4.416354312410307
1226.0,1226.0000402735368,4.4048089384853775
1227.0,1227.0000403063864,4.537653963236303
1228.0,1228.000040339236,4.6762655368215436
1229.0,1229.0000403720856,4.575660488766315
1230.0,1230.000040404935,4.677103721731485
1231.0,1231.0000404377845,4.729558297407259
1232.0,1232.000040470634,5.018656894852016
1233.0,1233.0000405034837,4.663054792121378
1234.0,1234.0000405363332,4.628980887436336
1235.0,1235.0000405691826,4.570077184861331
1236.0,1236.0000406020322,4.543185394511134
1237.0,1237.0000406348818,4.331812056168044
1238.0,1238.0000406677314,4.572007087978635
1239.0,1239.000040700581,4.358074310097398
1240.0,1240.0000407334303,4.446483987071839
1241.0,1241.0000407662799,4.379168777624705
1242.0,1242.0000407991295,4.707183544523565
1243.0,1243.000040831979,4.731037215109823
1244.0,1244.0000408648286,4.741912118591407
1245.0,1245.000040897678,4.639910355401155
1246.0,1246.0000409305276,4.617314757453676
1247.0,1247.0000409633772,4.841053019805186
1248.0,1248.0000409962267,4.441771561118839
1249.0,1249.0000410290763,4.466006252560911
1250.0,1250.000041061926,4.498331247266543
1251.0,1251.0000410947753,4.674177206451076
1252.0,1252.0000411276249,4.966403005881616
1253.0,1253.0000411604744,5.029601117124078
1254.0,1254.000041193324,4.87699214117185
1255.0,1255.0000412261736,4.943408408793743
1256.0,1256.000041259023,4.821326832668231
1257.0,1257.0000412918725,4.64182796008092
1258.0,1258.0000413247221,4.503970111006039
1259.0,1259.0000413575717,4.564068068252269
1260.0,1260.0000413904213,4.408592671371495
1261.0,1261.0000414232707,4.514736016474956
1262.0,1262.0000414561202,4.635803518554557
1263.0,1263.0000414889698,4.6411780019063436
1264.0,1264.0000415218194,4.62177595908698
1265.0,1265.000041554669,4.820463999598676
1266.0,1266.0000415875184,4.651680686389877
1267.0,1267.000041620368,4.659496521352671
1268.0,1268.0000416532175,4.720817204451266
1269.0,1269.000041686067,5.299852951542857
1270.0,1270.0000417189167,5.342758046769347
1271.0,1271.000041751766,5.128381977897027
1272.0,1272.0000417846156,5.394850496263104
1273.0,1273.0000418174652,5.269010222499252
1274.0,1274.0000418503148,5.138203439075501
1275.0,1275.0000418831644,5.143775200921623
1276.0,1276.000041916014,5.259329733369122
1277.0,1277.0000419488633,5.206850994098811
1278.0,1278.000041981713,5.2485159439344065
1279.0,1279.0000420145625,4.994478957786731
1280.0,1280.000042047412,5.318513731096121
1281.0,1281.0000420802617,5.4387014849722215
1282.0,1282.000042113111,5.2249874449442855
1283.0,1283.0000421459606,5.127991995880688
1284.0,1284.0000421788102,5.23643214201415
1285.0,1285.0000422116598,5.372347814182133
1286.0,1286.0000422445094,5.1448250711134715
1287.0,1287.0000422773587,5.234413237459105
1288.0,1288.0000423102083,5.034836578499833
1289.0,1289.0000423430579,4.901458190756693
1290.0,1290.0000423759075,4.863057927339917
1291.0,1291.000042408757,4.947003303170857
1292.0,1292.0000424416064,4.8019605123153895
1293.0,1293.000042474456,4.894167202733098
1294.0,1294.0000425073056,5.029044274271452
1295.0,1295.0000425401552,5.134203628846588
1296.0,1296.0000425730047,5.107330469550578
1297.0,1297.000042605854,5.066234241203785
1298.0,1298.0000426387037,5.233596179068311
1299.0,1299.0000426715533,5.300361978839933
1300.0,1300.0000427044029,4.85961582944644
1301.0,1301.0000427372524,4.712453368106116
1302.0,1302.000042770102,4.994750422656907
1303.0,1303.0000428029514,4.765682876323886
1304.0,1304.000042835801,4.657153556449453
1305.0,1305.0000428686506,4.898509675308001
1306.0,1306.0000429015001,5.100956625266246
1307.0,1307.0000429343497,5.138760531614102
1308.0,1308.000042967199,5.160456545471509
1309.0,1309.0000430000487,5.088449388490334
1310.0,1310.0000430328982,5.1509529945509085
1311.0,1311.0000430657478,5.0170273290694025
1312.0,1312.0000430985974,5.264976510238891
1313.0,1313.0000431314468,4.949553550405951
1314.0,1314.0000431642964,4.800966120147149
1315.0,1315.000043197146,4.6257872578113535
1316.0,1316.0000432299955,4.5724414252024195
1317.0,1317.000043262845,4.79228638027988
1318.0,1318.0000432956945,4.896368615104329
1319.0,1319.000043328544,4.844753466983718
1320.0,1320.0000433613936,4.958648492127462
1321.0,1321.0000433942432,4.4644753741592575
1322.0,1322.0000434270928,4.5906231428656294
1323.0,1323.0000434599422,4.658365801440172
1324.0,1324.0000434927917,4.357402427876382
1325.0,1325.0000435256413,4.408454290244582
1326.0,1326.000043558491,4.727915090173998
1327.0,1327.0000435913405,4.747865940316101
1328.0,1328.00004362419,4.889120478673899
1329.0,1329.0000436570394,4.867131504554301
1330.0,1330.000043689889,4.758206800142246
1331.0,1331.0000437227386,5.028338321216221
1332.0,1332.0000437555882,4.742081895249094
1333.0,1333.0000437884378,4.776557021889064
1334.0,1334.0000438212871,4.511772940536009
1335.0,1335.0000438541367,4.60187538658958
1336.0,1336.0000438869863,4.452238590719878
1337.0,1337.000043919836,4.559117401526553
1338.0,1338.0000439526855,4.466320150799136
1339.0,1339.0000439855348,4.587014520306487
1340.0,1340.0000440183844,4.5798925724349715
1341.0,1341.000044051234,4.5310509176158105
1342.0,1342.0000440840836,4.693538051002649
1343.0,1343.0000441169332,4.837398366685389
1344.0,1344.0000441497825,5.05153763904017
1345.0,1345.000044182632,4.99729688695075
1346.0,1346.0000442154817,4.998179419928025
1347.0,1347.0000442483313,4.72245930972434
1348.0,1348.0000442811809,4.541257866248879
1349.0,1349.0000443140302,4.209397273229812
1350.0,1350.0000443468798,4.230378464844528
1351.0,1351.0000443797294,4.120036897559221
1352.0,1352.000044412579,4.228011949819111
1353.0,1353.0000444454286,4.090786824255788
1354.0,1354.0000444782781,4.361210800183027
1355.0,1355.0000445111275,4.424545288122878
1356.0,1356.000044543977,4.506053014861999
1357.0,1357.0000445768267,4.4319487411758445
1358.0,1358.0000446096763,4.519154383672832
1359.0,1359.0000446425258,4.616892539695083
1360.0,1360.0000446753752,4.705707910305707
1361.0,1361.0000447082248,4.665401175031802
1362.0,1362.0000447410744,4.6253489194758
1363.0,1363.000044773924,4.491587109401911
1364.0,1364.0000448067735,4.576667988660312
1365.0,1365.000044839623,4.449575595158297
1366.0,1366.0000448724725,4.358598810085066
1367.0,1367.000044905322,4.475747600891345
1368.0,1368.0000449381716,4.515818477598802
1369.0,1369.0000449710212,4.476936932335853
1370.0,1370.0000450038706,4.2497369138085235
1371.0,1371.0000450367202,4.213305804371559
1372.0,1372.0000450695698,4.27971797568413
1373.0,1373.0000451024193,4.301436992191154
1374.0,1374.000045135269,4.33720979270578
1375.0,1375.0000451681183,4.279148335158021
1376.0,1376.0000452009679,4.061392560588307
1377.0,1377.0000452338174,4.3084871765468025
1378.0,1378.000045266667,4.196844605646672
1379.0,1379.0000452995166,4.1991810562858225
1380.0,1380.0000453323662,4.253297362183843
1381.0,1381.0000453652156,4.176184962489231
1382.0,1382.0000453980651,4.025861211354648
1383.0,1383.0000454309147,4.204890024786114
1384.0,1384.0000454637643,3.945039347914978
1385.0,1385.000045496614,4.102984985552117
1386.0,1386.0000455294633,4.195526610177244
1387.0,1387.0000455623128,4.202059578983817
1388.0,1388.0000455951624,4.05689946113713
1389.0,1389.000045628012,4.112644518316423
1390.0,1390.0000456608616,4.118734079689808
1391.0,1391.000045693711,4.104616352237631
1392.0,1392.0000457265605,4.161116661437767
1393.0,1393.00004575941,4.312332688482852
1394.0,1394.0000457922597,4.12447879111088
1395.0,1395.0000458251093,4.0597806409179285
1396.0,1396.0000458579586,4.180276415242757
1397.0,1397.0000458908082,4.035487451787883
1398.0,1398.0000459236578,4.051454231204039
1399.0,1399.0000459565074,4.030808746286977
1400.0,1400.000045989357,4.146908745268878
1401.0,1401.0000460222063,4.095729206900534
1402.0,1402.000046055056,4.143696404924684
1403.0,1403.0000460879055,4.144151458555601
1404.0,1404.000046120755,4.10094719674627
1405.0,1405.0000461536047,4.106532959327415
1406.0,1406.0000461864543,3.904834895416057
1407.0,1407.0000462193036,4.019373074425718
1408.0,1408.0000462521532,3.8638296841457693
1409.0,1409.0000462850028,3.8189693361622217
1410.0,1410.0000463178524,4.008493649151383
1411.0,1411.000046350702,4.120339739552741
1412.0,1412.0000463835513,3.888648698320736
1413.0,1413.000046416401,3.795275220065669
1414.0,1414.0000464492505,3.9029252072874807
1415.0,1415.0000464821,3.867043447116779
1416.0,1416.0000465149496,3.89956305676673
1417.0,1417.000046547799,3.8229290931214197
1418.0,1418.0000465806486,3.8176930293785403
1419.0,1419.0000466134982,3.8556180927118326
1420.0,1420.0000466463478,3.7965283382839043
1421.0,1421.0000466791973,3.7251881479572915
1422.0,1422.0000467120467,3.806472994957898
1423.0,1423.0000467448963,3.6935046173118486
1424.0,1424.0000467777459,3.8725367059335736
1425.0,1425.0000468105954,3.8399280228635253
1426.0,1426.000046843445,3.6824408567640075
1427.0,1427.0000468762944,3.8527781592097208
1428.0,1428.000046909144,3.768057419770866
1429.0,1429.0000469419936,3.9413372455199336
1430.0,1430.0000469748431,3.6963142626346013
1431.0,1431.0000470076927,3.7853985750481995
1432.0,1432.0000470405423,3.8352848203938925
1433.0,1433.0000470733917,3.7194793236026475
1434.0,1434.0000471062413,3.8557926152326405
1435.0,1435.0000471390908,4.125571551025876
1436.0,1436.0000471719404,3.9219648407590935
1437.0,1437.00004720479,3.773394658296645
1438.0,1438.0000472376394,3.837769240231204
1439.0,1439.000047270489,3.800994730936941
1440.0,1440.0000473033385,3.7480747679000204
1441.0,1441.0000473361881,3.8557786065180597
1442.0,1442.0000473690377,3.948703159650456
1443.0,1443.000047401887,3.912565198227077
1444.0,1444.0000474347366,3.965516494490101
1445.0,1445.0000474675862,4.049176119857267
1446.0,1446.0000475004358,4.126768311467519
1447.0,1447.0000475332854,3.959274668676207
1448.0,1448.0000475661348,4.021401305683365
1449.0,1449.0000475989843,4.036261979813805
1450.0,1450.000047631834,3.732682651363199
1451.0,1451.0000476646835,3.867004420184568
1452.0,1452.000047697533,3.875416019812203
1453.0,1453.0000477303824,3.7649680461874424
1454.0,1454.000047763232,3.73811816075016
1455.0,1455.0000477960816,4.039208680338722
1456.0,1456.0000478289312,3.8979179835527327
1457.0,1457.0000478617808,3.8908583699736687
1458.0,1458.0000478946304,3.881437354475122
1459.0,1459.0000479274797,3.812561929045178
1460.0,1460.0000479603293,3.8030983056826417
1461.0,1461.000047993179,4.031721039073061
1462.0,1462.0000480260285,3.9458278813445316
1463.0,1463.000048058878,3.7692535312661315
1464.0,1464.0000480917274,3.7920716185404073
1465.0,1465.000048124577,3.684999495820924
1466.0,1466.0000481574266,3.697159735628058
1467.0,1467.0000481902762,3.8123472310470703
1468.0,1468.0000482231258,3.8061298182385546
1469.0,1469.0000482559751,3.9617962438935446
1470.0,1470.0000482888247,3.852155372498253
1471.0,1471.0000483216743,3.8665953446536716
1472.0,1472.0000483545239,3.758402273393967
1473.0,1473.0000483873735,3.728284110400734
1474.0,1474.0000484202228,3.6763080455097645
1475.0,1475.0000484530724,3.789812305760431
1476.0,1476.000048485922,3.9927978725801503
1477.0,1477.0000485187716,4.010499136570539
1478.0,1478.0000485516211,3.973368940977564
1479.0,1479.0000485844705,3.968832841676951
1480.0,1480.00004861732,4.206605533381991
1481.0,1481.0000486501697,4.265920578801313
1482.0,1482.0000486830193,4.1983884722298
1483.0,1483.0000487158688,4.051764093231581
1484.0,1484.0000487487184,3.9045243203178943
1485.0,1485.0000487815678,3.8092792875628514
1486.0,1486.0000488144174,3.840368334690043
1487.0,1487.000048847267,3.8096877644886247
1488.0,1488.0000488801165,3.5564670881003226
1489.0,1489.0000489129661,3.7828277289057763
1490.0,1490.0000489458155,3.6822502672635777
1491.0,1491.000048978665,3.8198328618412143
1492.0,1492.0000490115146,3.823798157518424
1493.0,1493.0000490443642,3.6727105621418112
1494.0,1494.0000490772138,3.9490827083713627
1495.0,1495.0000491100632,3.9945806546610365
1496.0,1496.0000491429128,3.9455797200288116
1497.0,1497.0000491757623,4.032894938997233
1498.0,1498.000049208612,4.0905122221578205
1499.0,1499.0000492414615,4.118688342407073
1500.0,1500.0000492743109,4.212044473047336
1501.0,1501.0000493071605,4.304346164665597
1502.0,1502.00004934001,4.201696890877669
1503.0,1503.0000493728596,4.075813700234412
1504.0,1504.0000494057092,4.144273857837538
1505.0,1505.0000494385586,4.143686857796814
1506.0,1506.0000494714081,4.072039790784722
1507.0,1507.0000495042577,3.96785215496043
1508.0,1508.0000495371073,4.218682236376923
1509.0,1509.000049569957,3.9546433472914755
1510.0,1510.0000496028065,4.17420090322444
1511.0,1511.0000496356558,4.045808256610756
1512.0,1512.0000496685054,4.060377044761635
1513.0,1513.000049701355,3.9701969771055623
1514.0,1514.0000497342046,4.208368427104118
1515.0,1515.0000497670542,4.016882692858501
1516.0,1516.0000497999035,4.261021651063673
1517.0,1517.0000498327531,4.444810452479499
1518.0,1518.0000498656027,4.4906949787822565
1519.0,1519.0000498984523,4.583736506528119
1520.0,1520.0000499313019,4.608115568035785
1521.0,1521.0000499641512,4.15528882087207
1522.0,1522.0000499970008,4.103206083875847
1523.0,1523.0000500298504,4.035870105189954
1524.0,1524.0000500627,4.2446877573760835
1525.0,1525.0000500955496,4.110161941196704
1526.0,1526.000050128399,4.207324180779575
1527.0,1527.0000501612485,4.358180830410681
1528.0,1528.000050194098,4.123602731743852
1529.0,1529.0000502269477,4.200147305982865
1530.0,1530.0000502597973,4.167575668211515
1531.0,1531.0000502926466,4.120801694513437
1532.0,1532.0000503254962,4.148728520039992
1533.0,1533.0000503583458,4.295592436943661
1534.0,1534.0000503911954,4.145155463676923
1535.0,1535.000050424045,4.014179902678929
1536.0,1536.0000504568943,4.205382502173348
1537.0,1537.000050489744,4.397877747021474
1538.0,1538.0000505225935,4.270507057211861
1539.0,1539.000050555443,4.159600579243816
1540.0,1540.0000505882927,4.197016437140656
1541.0,1541.0000506211422,4.1864602755059455
1542.0,1542.0000506539916,4.280543447994527
1543.0,1543.0000506868412,4.155665204175859
1544.0,1544.0000507196908,4.147811790388509
1545.0,1545.0000507525403,4.239730174880805
1546.0,1546.00005078539,4.266469892199581
1547.0,1547.0000508182393,4.25831880310506
1548.0,1548.0000508510889,4.284762847797585
1549.0,1549.0000508839385,4.081748127299266
1550.0,1550.000050916788,4.059766702790984
1551.0,1551.0000509496376,4.197784566328934
1552.0,1552.000050982487,4.2122817699513675
1553.0,1553.0000510153366,4.377700099897491
1554.0,1554.0000510481862,4.286769981374669
1555.0,1555.0000510810357,4.159276604082715
1556.0,1556.0000511138853,4.0987541313455225
1557.0,1557.0000511467347,4.149758028282506
1558.0,1558.0000511795843,4.4370573646881555
1559.0,1559.0000512124338,4.249029320151202
1560.0,1560.0000512452834,4.3966779787170935
1561.0,1561.000051278133,4.405517312353431
1562.0,1562.0000513109824,4.340864810549706
1563.0,1563.000051343832,4.185777980926409
1564.0,1564.0000513766815,4.15706795991406
1565.0,1565.0000514095311,4.221478685698329
1566.0,1566.0000514423807,4.087217389126957
1567.0,1567.0000514752303,4.182610160044649
1568.0,1568.0000515080797,4.057211644149925
1569.0,1569.0000515409292,4.134726647673156
1570.0,1570.0000515737788,4.1108142315107665
1571.0,1571.0000516066284,4.079602234811187
1572.0,1572.000051639478,4.180593296541711
1573.0,1573.0000516723273,4.098641796082725
1574.0,1574.000051705177,4.2562679246640265
1575.0,1575.0000517380265,4.135159346979425
1576.0,1576.000051770876,4.16520532251181
1577.0,1577.0000518037257,4.165784252487345
1578.0,1578.000051836575,3.986281055983256
1579.0,1579.0000518694246,4.1688979965488615
1580.0,1580.0000519022742,4.166624060500601
1581.0,1581.0000519351238,4.207946327755005
1582.0,1582.0000519679734,4.090523496003729
1583.0,1583.0000520008227,4.310875316385986
1584.0,1584.0000520336723,4.228594834210769
1585.0,1585.000052066522,4.108908004773916
1586.0,1586.0000520993715,4.1595180023853
1587.0,1587.000052132221,4.191369722683262
1588.0,1588.0000521650704,4.330161235189812
1589.0,1589.00005219792,4.086871705624376
1590.0,1590.0000522307696,4.168954042771324
1591.0,1591.0000522636192,4.125412124040125
1592.0,1592.0000522964688,4.090574316993547
1593.0,1593.0000523293184,4.060515441589093
1594.0,1594.0000523621677,4.122576687105942
1595.0,1595.0000523950173,4.1954341807907465
1596.0,1596.0000524278669,4.382675556710218
1597.0,1597.0000524607165,4.3435717128402604
1598.0,1598.000052493566,4.4063277495548245
1599.0,1599.0000525264154,4.3280425752858465
1600.0,1600.000052559265,4.479345991782089
1601.0,1601.0000525921146,4.165548816985232
1602.0,1602.0000526249642,4.124610111598999
1603.0,1603.0000526578137,3.993142110077075
1604.0,1604.000052690663,4.109717909331056
1605.0,1605.0000527235127,4.392858361288405
1606.0,1606.0000527563623,4.27536528846997
1607.0,1607.0000527892118,4.3170739686205035
1608.0,1608.0000528220614,4.274113460101156
1609.0,1609.0000528549108,4.384523974804195
1610.0,1610.0000528877604,4.245819275873656
1611.0,1611.00005292061,4.111454344864682
1612.0,1612.0000529534595,4.044465142628155
1613.0,1613.0000529863091,4.048568228339679
1614.0,1614.0000530191585,3.985097861404224
1615.0,1615.000053052008,4.079763653516161
1616.0,1616.0000530848577,4.0061493680413
1617.0,1617.0000531177072,4.17382498473868
1618.0,1618.0000531505568,4.162475488815056
1619.0,1619.0000531834064,4.096861131118797
1620.0,1620.0000532162558,4.331996831755029
1621.0,1621.0000532491053,4.577074158154287
1622.0,1622.000053281955,4.57378373712849
1623.0,1623.0000533148045,4.531409807700088
1624.0,1624.000053347654,4.56562533977494
1625.0,1625.0000533805035,4.584539722252654
1626.0,1626.000053413353,4.228270841590019
1627.0,1627.0000534462026,4.262851304501066
1628.0,1628.0000534790522,4.261902904118132
1629.0,1629.0000535119018,4.264668365563339
1630.0,1630.0000535447512,4.0244047853168015
1631.0,1631.0000535776007,4.243676474863082
1632.0,1632.0000536104503,4.353673458087132
1633.0,1633.0000536433,4.323165328003331
1634.0,1634.0000536761495,4.2408269570337795
1635.0,1635.0000537089988,4.304131080347137
1636.0,1636.0000537418484,4.37666861731236
1637.0,1637.000053774698,4.377260480537233
1638.0,1638.0000538075476,4.289061345533196
1639.0,1639.0000538403972,4.476135664774826
1640.0,1640.0000538732465,4.478828624726061
1641.0,1641.0000539060961,4.454721581711349
1642.0,1642.0000539389457,4.39316471583062
1643.0,1643.0000539717953,4.674460913759746
1644.0,1644.0000540046449,4.54053722929532
1645.0,1645.0000540374945,4.51976304230555
1646.0,1646.0000540703438,4.277556369204162
1647.0,1647.0000541031934,4.231911609295075
1648.0,1648.000054136043,4.330228357658957
1649.0,1649.0000541688926,4.211761058862251
1650.0,1650.0000542017422,4.207444710970435
1651.0,1651.0000542345915,4.283053889532326
1652.0,1652.000054267441,4.402408822077201
1653.0,1653.0000543002907,4.415029853627994
1654.0,1654.0000543331403,4.432051543480411
1655.0,1655.0000543659899,4.220917700254068
1656.0,1656.0000543988392,4.169856377923746
1657.0,1657.0000544316888,4.14425711917575
1658.0,1658.0000544645384,3.983469895081199
1659.0,1659.000054497388,3.9985769453888604
1660.0,1660.0000545302375,4.0725978008751555
1661.0,1661.000054563087,4.186476735540988
1662.0,1662.0000545959365,4.041581401709378
1663.0,1663.000054628786,4.12086425267841
1664.0,1664.0000546616357,4.234989152820788
1665.0,1665.0000546944852,4.001836850318458
1666.0,1666.0000547273346,4.105340947216426
1667.0,1667.0000547601842,4.419330321218729
1668.0,1668.0000547930338,4.207945936408972
1669.0,1669.0000548258834,4.159993966504984
1670.0,1670.000054858733,4.2176074095106575
1671.0,1671.0000548915825,4.12593664218475
1672.0,1672.0000549244319,3.9731010013910693
1673.0,1673.0000549572815,4.028899594912146
1674.0,1674.000054990131,4.085602736936675
1675.0,1675.0000550229806,4.191561087259869
1676.0,1676.0000550558302,4.180571178164685
1677.0,1677.0000550886796,4.049232428603832
1678.0,1678.0000551215292,4.130444320899276
1679.0,1679.0000551543787,4.217204766551332
1680.0,1680.0000551872283,4.082293516800415
1681.0,1681.000055220078,3.9899612966049114
1682.0,1682.0000552529273,4.224556731502358
1683.0,1683.0000552857769,4.199572622658188
1684.0,1684.0000553186264,4.255550963347259
1685.0,1685.000055351476,4.108477103689426
1686.0,1686.0000553843256,4.136883287527976
1687.0,1687.000055417175,4.09332011634236
1688.0,1688.0000554500245,4.322643630536329
1689.0,1689.0000554828741,4.311036622578846
1690.0,1690.0000555157237,4.157869261743274
1691.0,1691.0000555485733,4.420714620173375
1692.0,1692.0000555814227,4.276492315178443
1693.0,1693.0000556142722,4.336719102535924
1694.0,1694.0000556471218,4.241411523281861
1695.0,1695.0000556799714,4.385797881698685
1696.0,1696.000055712821,4.353998855671795
1697.0,1697.0000557456706,4.213837955952182
1698.0,1698.00005577852,4.206008614611034
1699.0,1699.0000558113695,4.1553778554275045
1700.0,1700.000055844219,4.101857552484758
1701.0,1701.0000558770687,4.012247398639742
1702.0,1702.0000559099183,4.019531843759183
1703.0,1703.0000559427676,4.093053498159374
1704.0,1704.0000559756172,4.206741319345228
1705.0,1705.0000560084668,4.236116386971395
1706.0,1706.0000560413164,4.134125833311261
1707.0,1707.000056074166,4.198767606449264
1708.0,1708.0000561070153,4.139447381426085
1709.0,1709.000056139865,4.199428023956567
1710.0,1710.0000561727145,3.9843580275731614
1711.0,1711.000056205564,4.093709160737704
1712.0,1712.0000562384137,4.143291599177772
1713.0,1713.000056271263,4.075579447137193
1714.0,1714.0000563041126,4.069382365338514
1715.0,1715.0000563369622,4.023791903959795
1716.0,1716.0000563698118,4.062045133420131
1717.0,1717.0000564026614,4.22154440521521
1718.0,1718.0000564355107,4.286103819727265
1719.0,1719.0000564683603,4.3145858311027805
1720.0,1720.0000565012099,4.300725868283778
1721.0,1721.0000565340595,4.138140788027969
1722.0,1722.000056566909,4.1526548628536295
1723.0,1723.0000565997586,4.254500755718236
1724.0,1724.000056632608,3.9354518486303465
1725.0,1725.0000566654576,4.15277061215211
1726.0,1726.0000566983072,4.228805451570493
1727.0,1727.0000567311567,4.183652459065748
1728.0,1728.0000567640063,4.465476985584846
1729.0,1729.0000567968557,4.318016767352951
1730.0,1730.0000568297053,4.271902813671378
1731.0,1731.0000568625549,4.396750267682577
1732.0,1732.0000568954044,4.384224101215061
1733.0,1733.000056928254,4.398731203751347
1734.0,1734.0000569611034,4.209478102710657
1735.0,1735.000056993953,4.101787131702495
1736.0,1736.0000570268026,4.02602980702875
1737.0,1737.0000570596521,4.132424941079346
1738.0,1738.0000570925017,4.199971743924407
1739.0,1739.000057125351,4.293995278579643
1740.0,1740.0000571582007,4.4088607353014035
1741.0,1741.0000571910502,4.137919561918168
1742.0,1742.0000572238998,4.139286386236736
1743.0,1743.0000572567494,4.25345493005043
1744.0,1744.0000572895988,4.236976912511918
1745.0,1745.0000573224484,4.328919085828492
1746.0,1746.000057355298,4.315436749488254
1747.0,1747.0000573881475,4.280604962025312
1748.0,1748.000057420997,4.387723391060997
1749.0,1749.0000574538467,4.1523443475961015
1750.0,1750.000057486696,4.238296657172096
1751.0,1751.0000575195456,4.200700857209101
1752.0,1752.0000575523952,4.148588857980872
1753.0,1753.0000575852448,4.160287060503172
1754.0,1754.0000576180944,4.192184067077323
1755.0,1755.0000576509437,4.186970398688896
1756.0,1756.0000576837933,4.143934372306841
1757.0,1757.000057716643,4.218233116221641
1758.0,1758.0000577494925,4.058040838282783
1759.0,1759.000057782342,4.3990779927022885
1760.0,1760.0000578151914,4.319823832481763
1761.0,1761.000057848041,4.423583967687191
1762.0,1762.0000578808906,4.248152578433001
1763.0,1763.0000579137402,4.441597704422642
1764.0,1764.0000579465898,4.387459769198045
1765.0,1765.0000579794391,4.490984344797181
1766.0,1766.0000580122887,4.35937282033042
1767.0,1767.0000580451383,4.190404789867652
1768.0,1768.000058077988,4.227163492643076
1769.0,1769.0000581108375,4.555242971585248
1770.0,1770.0000581436868,4.380387613273244
1771.0,1771.0000581765364,4.346091738648715
1772.0,1772.000058209386,4.417507472912235
1773.0,1773.0000582422356,4.441882236834653
1774.0,1774.0000582750852,4.320688027831821
1775.0,1775.0000583079348,4.336675477626096
1776.0,1776.000058340784,4.416276784620015
1777.0,1777.0000583736337,4.2562020870062955
1778.0,1778.0000584064833,4.231823150284797
1779.0,1779.0000584393329,4.177285933658657
1780.0,1780.0000584721824,4.189314067296851
1781.0,1781.0000585050318,4.261342850819183
1782.0,1782.0000585378814,4.163858259868913
1783.0,1783.000058570731,4.257036171469498
1784.0,1784.0000586035806,4.309188821145386
1785.0,1785.0000586364301,4.2463196577448965
1786.0,1786.0000586692795,4.440211581208759
1787.0,1787.000058702129,4.388509671938989
1788.0,1788.0000587349787,4.297313518753226
1789.0,1789.0000587678282,4.277833936743435
1790.0,1790.0000588006778,4.256475713704748
1791.0,1791.0000588335272,4.1977128321188095
1792.0,1792.0000588663768,4.372041753843979
1793.0,1793.0000588992264,4.256136299663883
1794.0,1794.000058932076,4.2851493428703815
1795.0,1795.0000589649255,4.180967612413322
1796.0,1796.0000589977749,4.359370601558576
1797.0,1797.0000590306245,4.265796088970265
1798.0,1798.000059063474,4.3042080968817
1799.0,1799.0000590963236,4.3568835531955115
1800.0,1800.0000591291732,4.496437707905531
1801.0,1801.0000591620228,4.545810550538057
1802.0,1802.0000591948722,4.530535424587676
1803.0,1803.0000592277217,4.341883501609635
1804.0,1804.0000592605713,4.400060274977676
1805.0,1805.000059293421,4.293081133583848
1806.0,1806.0000593262705,4.428814224870123
1807.0,1807.0000593591199,4.421157867714908
1808.0,1808.0000593919694,4.388086476438552
1809.0,1809.000059424819,4.602096804700461
1810.0,1810.0000594576686,4.520761485182519
1811.0,1811.0000594905182,4.533985469461742
1812.0,1812.0000595233676,4.385547417865526
1813.0,1813.0000595562171,4.584148208913333
1814.0,1814.0000595890667,4.672046848682887
1815.0,1815.0000596219163,4.644609364091105
1816.0,1816.000059654766,4.823341263978305
1817.0,1817.0000596876152,4.877472001980523
1818.0,1818.0000597204648,4.696551498316653
1819.0,1819.0000597533144,4.6113473290007185
1820.0,1820.000059786164,4.54667380861034
1821.0,1821.0000598190136,4.496677096286038
1822.0,1822.000059851863,4.68444647082368
1823.0,1823.0000598847125,4.558430030888883
1824.0,1824.000059917562,4.764324102096462
1825.0,1825.0000599504117,4.792008085944672
1826.0,1826.0000599832613,4.624429908574
1827.0,1827.0000600161109,4.761102410902163
1828.0,1828.0000600489602,4.81334314993982
1829.0,1829.0000600818098,4.858419841101178
1830.0,1830.0000601146594,4.812390239711687
1831.0,1831.000060147509,4.789059189106452
1832.0,1832.0000601803586,4.573927785409937
1833.0,1833.000060213208,4.7157179328298895
1834.0,1834.0000602460575,4.509253202650526
1835.0,1835.000060278907,4.337875692790324
1836.0,1836.0000603117567,4.576834856673276
1837.0,1837.0000603446063,4.558588687600218
1838.0,1838.0000603774556,4.276110193987944
1839.0,1839.0000604103052,4.359270901015515
1840.0,1840.0000604431548,4.308941981441995
1841.0,1841.0000604760044,4.292439719274609
1842.0,1842.000060508854,4.5089737907227
1843.0,1843.0000605417033,4.455525221502335
1844.0,1844.000060574553,4.445923270085407
1845.0,1845.0000606074025,4.310323162359501
1846.0,1846.000060640252,4.344594778586099
1847.0,1847.0000606731016,4.296992984486608
1848.0,1848.000060705951,4.468476027978067
1849.0,1849.0000607388006,4.680309987883936
1850.0,1850.0000607716502,4.413874633583705
1851.0,1851.0000608044998,4.294495166295953
1852.0,1852.0000608373493,4.093423875329898
1853.0,1853.000060870199,4.232309505107431
1854.0,1854.0000609030483,4.258652090850304
1855.0,1855.0000609358979,4.358676962002189
1856.0,1856.0000609687474,4.469412342802532
1857.0,1857.000061001597,4.275865771539129
1858.0,1858.0000610344466,4.27417670719381
1859.0,1859.000061067296,4.2036558426515045
1860.0,1860.0000611001456,4.22845692156774
1861.0,1861.0000611329951,4.421128480520601
1862.0,1862.0000611658447,4.28735068661065
1863.0,1863.0000611986943,4.258281639378188
1864.0,1864.0000612315437,4.548104003185776
1865.0,1865.0000612643933,4.5065059422957265
1866.0,1866.0000612972428,4.578053212367055
1867.0,1867.0000613300924,4.619189137182532
1868.0,1868.000061362942,4.612761576712527
1869.0,1869.0000613957914,4.512451555145841
1870.0,1870.000061428641,4.438708774447785
1871.0,1871.0000614614905,4.318243915390892
1872.0,1872.0000614943401,4.471057105546794
1873.0,1873.0000615271897,4.657613217964458
1874.0,1874.000061560039,4.292421816066823
1875.0,1875.0000615928886,4.374443883119733
1876.0,1876.0000616257382,4.472300093205588
1877.0,1877.0000616585878,4.389319372779298
1878.0,1878.0000616914374,4.465886295426937
1879.0,1879.000061724287,4.220082843481828
1880.0,1880.0000617571363,4.357443929578075
1881.0,1881.000061789986,4.5502369813586165
1882.0,1882.0000618228355,4.5500512260011075
1883.0,1883.000061855685,4.406353137515223
1884.0,1884.0000618885347,4.363682008018032
1885.0,1885.000061921384,4.279715750631283
1886.0,1886.0000619542336,4.376680926776934
1887.0,1887.0000619870832,4.538146649158802
1888.0,1888.0000620199328,4.499070715370693
1889.0,1889.0000620527824,4.779696369267414
1890.0,1890.0000620856317,4.699888522874837
1891.0,1891.0000621184813,4.749859001776074
1892.0,1892.000062151331,4.585333399181773
1893.0,1893.0000621841805,4.367096065294951
1894.0,1894.00006221703,4.43401385755267
1895.0,1895.0000622498794,4.481580673990551
1896.0,1896.000062282729,4.574787568090246
1897.0,1897.0000623155786,4.357103535115933
1898.0,1898.0000623484282,4.462645933583189
1899.0,1899.0000623812778,4.798468578192392
1900.0,1900.0000624141271,4.54358947730159
1901.0,1901.0000624469767,4.585936810431752
1902.0,1902.0000624798263,4.505040890313746
1903.0,1903.0000625126759,4.540554416626632
1904.0,1904.0000625455255,4.62168913746659
1905.0,1905.000062578375,4.548022829800791
1906.0,1906.0000626112244,4.504408826319161
1907.0,1907.000062644074,4.433530152839181
1908.0,1908.0000626769236,4.4239023894017375
1909.0,1909.0000627097731,4.684491003380268
1910.0,1910.0000627426227,4.540781652125006
1911.0,1911.000062775472,4.582691638587883
1912.0,1912.0000628083217,4.564705459429089
1913.0,1913.0000628411713,4.692733707500817
1914.0,1914.0000628740208,4.634493474093297
1915.0,1915.0000629068704,4.605781073684092
1916.0,1916.0000629397198,4.461809374481322
1917.0,1917.0000629725694,4.333567301224925
1918.0,1918.000063005419,4.428537963186444
1919.0,1919.0000630382685,4.3202232874335085
1920.0,1920.0000630711181,4.3442114503685385
1921.0,1921.0000631039675,4.499036913277352
1922.0,1922.000063136817,4.533737420719068
1923.0,1923.0000631696666,4.664468074173556
1924.0,1924.0000632025162,4.445037766978548
1925.0,1925.0000632353658,4.442501384491049
1926.0,1926.0000632682152,4.407241037356741
1927.0,1927.0000633010648,4.559638354051672
1928.0,1928.0000633339143,4.49400029419528
1929.0,1929.000063366764,4.4012278578898565
1930.0,1930.0000633996135,4.355800994188718
1931.0,1931.000063432463,4.3035809270498095
1932.0,1932.0000634653125,4.355147177755659
1933.0,1933.000063498162,4.2687671452842935
1934.0,1934.0000635310116,4.429825635996484
1935.0,1935.0000635638612,4.348355627072886
1936.0,1936.0000635967108,4.545143014906475
1937.0,1937.0000636295601,4.5612224307831575
1938.0,1938.0000636624097,4.578564423510914
1939.0,1939.0000636952593,4.473797737512488
1940.0,1940.000063728109,4.598732774364426
1941.0,1941.0000637609585,4.861601029117655
1942.0,1942.0000637938078,4.719049223197912
1943.0,1943.0000638266574,4.797722559289958
1944.0,1944.000063859507,4.648743492297753
1945.0,1945.0000638923566,4.4707531561554275
1946.0,1946.0000639252062,4.663674887219294
1947.0,1947.0000639580555,4.662268898479518
1948.0,1948.0000639909051,4.6591756338747246
1949.0,1949.0000640237547,4.505544968952209
1950.0,1950.0000640566043,4.441524151878485
1951.0,1951.0000640894539,4.467968108748353
1952.0,1952.0000641223032,4.348213723946504
1953.0,1953.0000641551528,4.468098411917045
1954.0,1954.0000641880024,4.344316794963449
1955.0,1955.000064220852,4.647066331078464
1956.0,1956.0000642537016,4.6140658677281845
1957.0,1957.0000642865512,4.370343509550156
1958.0,1958.0000643194005,4.402632313483375
1959.0,1959.00006435225,4.791301691549715
1960.0,1960.0000643850997,4.620532041638978
1961.0,1961.0000644179493,4.548990571638822
1962.0,1962.0000644507988,4.510304659245834
1963.0,1963.0000644836482,4.4231535661150705
1964.0,1964.0000645164978,4.47164132562695
1965.0,1965.0000645493474,4.317427104056209
1966.0,1966.000064582197,4.561609809119599
1967.0,1967.0000646150465,4.4896914711323515
1968.0,1968.000064647896,4.6245699090997014
1969.0,1969.0000646807455,4.396816834207443
1970.0,1970.000064713595,4.476538109205504
1971.0,1971.0000647464447,4.503247940709204
1972.0,1972.0000647792942,4.607061885002605
1973.0,1973.0000648121436,4.27874063844727
1974.0,1974.0000648449932,4.3796459861614245
1975.0,1975.0000648778428,4.283817134339929
1976.0,1976.0000649106923,4.317740514691702
1977.0,1977.000064943542,4.461115289108344
1978.0,1978.0000649763913,4.399711098381354
1979.0,1979.0000650092409,4.557068972679479
1980.0,1980.0000650420905,4.602837758240764
1981.0,1981.00006507494,4.518251326395828
1982.0,1982.0000651077896,4.555073088667775
1983.0,1983.0000651406392,4.477247077424861
1984.0,1984.0000651734886,4.5895163135683354
1985.0,1985.0000652063381,4.3704621568992055
1986.0,1986.0000652391877,4.319227569240728
1987.0,1987.0000652720373,4.266406523384515
1988.0,1988.000065304887,4.295306260162262
1989.0,1989.0000653377363,4.6193973613345065
1990.0,1990.0000653705858,4.339926234698936
1991.0,1991.0000654034354,4.280887543631804
1992.0,1992.000065436285,4.173640985806702
1993.0,1993.0000654691346,4.288836046887171
1994.0,1994.000065501984,4.196003539503285
1995.0,1995.0000655348335,4.499062831594416
1996.0,1996.0000655676831,4.4781822293119
1997.0,1997.0000656005327,4.371886342402794
1998.0,1998.0000656333823,4.573118038050336
1999.0,1999.0000656662316,4.494220588424307
