Frame,Time (ns),RMSD_PTC
0.0,0.0,3.588565324339284e-07
1.0,1.0000000328495406,0.546815589168189
2.0,2.0000000656990813,0.5642773440630047
3.0,3.0000000985486217,0.5404165835858242
4.0,4.000000131398163,0.5802692617032789
5.0,5.000000164247703,0.6295556639427676
6.0,6.000000197097243,0.6244637090809355
7.0,7.000000229946784,0.660817573954777
8.0,8.000000262796325,0.7924471474294241
9.0,9.000000295645865,0.6322266368059128
10.0,10.000000328495407,0.7223409612939065
11.0,11.000000361344947,0.7231291608924154
12.0,12.000000394194487,0.8159130939567976
13.0,13.000000427044029,0.8277936151997628
14.0,14.000000459893569,0.7430578192267149
15.0,15.00000049274311,0.7268989594314813
16.0,16.00000052559265,0.7518503860547684
17.0,17.000000558442192,0.7534778890282504
18.0,18.00000059129173,0.7772009530296698
19.0,19.000000624141272,0.8197643923549142
20.0,20.000000656990814,0.795675568315877
21.0,21.000000689840352,0.8918011975074629
22.0,22.000000722689894,0.8893174371204433
23.0,23.000000755539435,0.8509659285203808
24.0,24.000000788388974,0.8772285780476039
25.0,25.000000821238515,0.9164178009096914
26.0,26.000000854088057,0.8761722722268976
27.0,27.0000008869376,0.9180166606069249
28.0,28.000000919787137,0.9735373742794855
29.0,29.00000095263668,1.0046956232392934
30.0,30.00000098548622,0.9391714384291752
31.0,31.00000101833576,0.9602316791648223
32.0,32.0000010511853,0.9546615575640874
33.0,33.00000108403484,0.9823988553601822
34.0,34.000001116884384,0.9294084881382985
35.0,35.000001149733926,1.053736912414263
36.0,36.00000118258346,0.9816212662711729
37.0,37.000001215433,1.0201885101317072
38.0,38.000001248282544,0.9788762628473228
39.0,39.000001281132086,0.9821022343536868
40.0,40.00000131398163,1.0289201416160711
41.0,41.00000134683117,1.0623689995920829
42.0,42.000001379680704,0.99879549818184
43.0,43.000001412530246,1.0085474973286384
44.0,44.00000144537979,0.9870106920418238
45.0,45.00000147822933,1.0116159564483747
46.0,46.00000151107887,1.0054372152295403
47.0,47.00000154392841,1.0545921578346076
48.0,48.00000157677795,1.0360881188378157
49.0,49.00000160962749,1.0529012662226704
50.0,50.00000164247703,0.9889824903047464
51.0,51.00000167532657,1.0729102196739244
52.0,52.000001708176114,1.0632309285930441
53.0,53.000001741025656,1.0208797321011909
54.0,54.0000017738752,1.0065376875585539
55.0,55.00000180672473,1.039099782299443
56.0,56.000001839574274,1.016685647297678
57.0,57.000001872423816,1.027660607609628
58.0,58.00000190527336,1.002725582073477
59.0,59.0000019381229,1.0179864020582257
60.0,60.00000197097244,0.9610143695228615
61.0,61.000002003821976,1.0009618467016859
62.0,62.00000203667152,0.9866293567554817
63.0,63.00000206952106,1.0339050963713439
64.0,64.0000021023706,1.0445297073741457
65.0,65.00000213522014,1.0131560235968053
66.0,66.00000216806968,1.0589213150036902
67.0,67.00000220091923,1.0607879692323725
68.0,68.00000223376877,1.081706764604792
69.0,69.00000226661831,1.1330167546538614
70.0,70.00000229946785,1.06178488003525
71.0,71.00000233231738,1.0640936170739261
72.0,72.00000236516692,1.0828314740578082
73.0,73.00000239801646,1.0717589869533422
74.0,74.000002430866,1.118676635548851
75.0,75.00000246371555,1.0970700399148685
76.0,76.00000249656509,1.0076284279633247
77.0,77.00000252941463,1.0672464532932227
78.0,78.00000256226417,1.054108330661677
79.0,79.00000259511371,1.0808767758728766
80.0,80.00000262796326,1.0239629037652795
81.0,81.0000026608128,1.1070281512292126
82.0,82.00000269366234,1.097487853428503
83.0,83.00000272651188,1.0827369414953776
84.0,84.00000275936141,1.102635263688426
85.0,85.00000279221095,1.0662932398092408
86.0,86.00000282506049,1.05568485969314
87.0,87.00000285791003,1.0560320882107763
88.0,88.00000289075957,1.0614868872543908
89.0,89.00000292360912,1.0739629757617977
90.0,90.00000295645866,1.1135827059043426
91.0,91.0000029893082,1.100722206670451
92.0,92.00000302215774,1.1249833031450673
93.0,93.00000305500728,1.099019069328484
94.0,94.00000308785683,1.0584949540191932
95.0,95.00000312070637,1.0600602467717328
96.0,96.0000031535559,1.0103881790753835
97.0,97.00000318640544,1.043774628344488
98.0,98.00000321925498,1.0711866867854554
99.0,99.00000325210452,1.1396492625641974
100.0,100.00000328495406,1.1211375482267787
101.0,101.0000033178036,1.147881315284126
102.0,102.00000335065315,1.1208386791302956
103.0,103.00000338350269,1.1319371442796524
104.0,104.00000341635223,1.0574668173370314
105.0,105.00000344920177,1.0644884855093817
106.0,106.00000348205131,1.134355430095851
107.0,107.00000351490085,1.0723234557324643
108.0,108.0000035477504,1.0829620303575762
109.0,109.00000358059992,1.1168439749663996
110.0,110.00000361344946,1.1533197233874501
111.0,111.000003646299,1.0655096341431909
112.0,112.00000367914855,1.0663142340283107
113.0,113.00000371199809,1.123660150872022
114.0,114.00000374484763,1.0174450989974966
115.0,115.00000377769717,1.0752501605608025
116.0,116.00000381054672,1.0647094327832622
117.0,117.00000384339626,1.116613827968626
118.0,118.0000038762458,1.0655182940757257
119.0,119.00000390909534,1.0873234757694186
120.0,120.00000394194488,1.0382259464152144
121.0,121.00000397479442,1.1180819049900441
122.0,122.00000400764395,1.1982943117319884
123.0,123.0000040404935,1.1592747769666265
124.0,124.00000407334304,1.0867469508085301
125.0,125.00000410619258,1.2087383080988663
126.0,126.00000413904212,1.1327519000615647
127.0,127.00000417189166,1.1448272964258461
128.0,128.0000042047412,1.168885501309294
129.0,129.00000423759073,1.1428088024755685
130.0,130.0000042704403,1.041695266671725
131.0,131.0000043032898,1.0720040838081706
132.0,132.00000433613937,1.0977998398861488
133.0,133.0000043689889,1.156237091793889
134.0,134.00000440183845,1.0147977696678931
135.0,135.00000443468798,1.1921299942881607
136.0,136.00000446753754,1.1913423967543812
137.0,137.00000450038706,1.1350168215341387
138.0,138.00000453323662,1.2373850727754026
139.0,139.00000456608615,1.1887861583934847
140.0,140.0000045989357,1.2581831491360527
141.0,141.00000463178523,1.2088497075005562
142.0,142.00000466463476,1.2199554533627084
143.0,143.00000469748431,1.258653908380807
144.0,144.00000473033384,1.2188121913244747
145.0,145.0000047631834,1.3056376546334343
146.0,146.00000479603293,1.2288385246045241
147.0,147.00000482888248,1.2306665638199483
148.0,148.000004861732,1.2663181835158437
149.0,149.00000489458156,1.1842517481937203
150.0,150.0000049274311,1.296717636409376
151.0,151.00000496028065,1.2526228056647557
152.0,152.00000499313018,1.2420946572293807
153.0,153.00000502597973,1.2173646421780684
154.0,154.00000505882926,1.1932262904224764
155.0,155.0000050916788,1.222553325981847
156.0,156.00000512452834,1.187601913177011
157.0,157.00000515737787,1.2506738986459938
158.0,158.00000519022743,1.1999810396360588
159.0,159.00000522307695,1.3271419166253398
160.0,160.0000052559265,1.351208521813416
161.0,161.00000528877604,1.3160645882709807
162.0,162.0000053216256,1.3554026201545668
163.0,163.00000535447512,1.42225419550007
164.0,164.00000538732468,1.3187108546562671
165.0,165.0000054201742,1.3202071258569301
166.0,166.00000545302376,1.4363228587166448
167.0,167.0000054858733,1.3741698211106939
168.0,168.00000551872282,1.4267952717779138
169.0,169.00000555157237,1.3841480531848775
170.0,170.0000055844219,1.4300073877934247
171.0,171.00000561727146,1.3679329382803098
172.0,172.00000565012098,1.4239713809927221
173.0,173.00000568297054,1.4698550323201607
174.0,174.00000571582007,1.4053293275824168
175.0,175.00000574866962,1.4403382452055995
176.0,176.00000578151915,1.3935360582046465
177.0,177.0000058143687,1.3244514167414156
178.0,178.00000584721823,1.3041220984971835
179.0,179.0000058800678,1.3009030532840935
180.0,180.00000591291732,1.3557194430675212
181.0,181.00000594576684,1.356268139090082
182.0,182.0000059786164,1.2932565872910586
183.0,183.00000601146593,1.3787954937759912
184.0,184.00000604431548,1.285287981996795
185.0,185.000006077165,1.2930458771437605
186.0,186.00000611001457,1.3121279241748784
187.0,187.0000061428641,1.2903484628551711
188.0,188.00000617571365,1.3382702566060345
189.0,189.00000620856318,1.3182416856678916
190.0,190.00000624141273,1.3340815160576398
191.0,191.00000627426226,1.2801868694287841
192.0,192.0000063071118,1.3123308819769564
193.0,193.00000633996135,1.307603257752328
194.0,194.00000637281087,1.2770167332092017
195.0,195.00000640566043,1.2833107491439182
196.0,196.00000643850996,1.373936764748947
197.0,197.0000064713595,1.3582949300390945
198.0,198.00000650420904,1.3441942181452793
199.0,199.0000065370586,1.3365424019842256
200.0,200.00000656990812,1.3583437197226884
201.0,201.00000660275768,1.3328730814916947
202.0,202.0000066356072,1.3311078063165458
203.0,203.00000666845676,1.2761592518650766
204.0,204.0000067013063,1.3658603836689223
205.0,205.00000673415582,1.3045591006088004
206.0,206.00000676700537,1.273775632482397
207.0,207.0000067998549,1.2880765035380715
208.0,208.00000683270446,1.2565960734819492
209.0,209.00000686555398,1.280417439048711
210.0,210.00000689840354,1.3084948799265685
211.0,211.00000693125307,1.3213375789242403
212.0,212.00000696410262,1.3035255189197439
213.0,213.00000699695215,1.3220381841905187
214.0,214.0000070298017,1.2501199004372276
215.0,215.00000706265124,1.3097120080260023
216.0,216.0000070955008,1.3082129056369949
217.0,217.00000712835032,1.3470917894707815
218.0,218.00000716119985,1.2604146630661526
219.0,219.0000071940494,1.281729678352588
220.0,220.00000722689893,1.3371989736621726
221.0,221.0000072597485,1.261939384386554
222.0,222.000007292598,1.2831503947415686
223.0,223.00000732544757,1.2867806673433502
224.0,224.0000073582971,1.322621344009606
225.0,225.00000739114665,1.3202222565800439
226.0,226.00000742399618,1.3319037315731632
227.0,227.00000745684574,1.3336928131511727
228.0,228.00000748969526,1.3288095576809256
229.0,229.00000752254482,1.373223154959695
230.0,230.00000755539435,1.322420709822504
231.0,231.00000758824388,1.3320013905298702
232.0,232.00000762109343,1.2830175406362947
233.0,233.00000765394296,1.31916081040469
234.0,234.00000768679251,1.3339869309967003
235.0,235.00000771964204,1.3893062644264735
236.0,236.0000077524916,1.2941486891323486
237.0,237.00000778534113,1.3075232402319223
238.0,238.00000781819068,1.3988777238991545
239.0,239.0000078510402,1.4034768940587012
240.0,240.00000788388977,1.395974805719489
241.0,241.0000079167393,1.3674064708426485
242.0,242.00000794958885,1.3703598991163606
243.0,243.00000798243838,1.4148161253896683
244.0,244.0000080152879,1.3842085862653262
245.0,245.00000804813746,1.3530785513500327
246.0,246.000008080987,1.3976445521663523
247.0,247.00000811383654,1.3693499983828672
248.0,248.00000814668607,1.3893876155714462
249.0,249.00000817953563,1.3822450771886945
250.0,250.00000821238515,1.434159696145918
251.0,251.0000082452347,1.3753471929233496
252.0,252.00000827808424,1.3811519374520511
253.0,253.0000083109338,1.4107903455897115
254.0,254.00000834378332,1.3629915235832715
255.0,255.00000837663288,1.4500949787566804
256.0,256.0000084094824,1.4323541865447351
257.0,257.00000844233193,1.4196914045695384
258.0,258.00000847518146,1.4166929725542432
259.0,259.00000850803104,1.3682576471272305
260.0,260.0000085408806,1.3766230553621375
261.0,261.0000085737301,1.3759843723192648
262.0,262.0000086065796,1.398275054215519
263.0,263.0000086394292,1.3907823391173955
264.0,264.00000867227874,1.3886186560804727
265.0,265.00000870512827,1.3861554495418005
266.0,266.0000087379778,1.3723327155805998
267.0,267.0000087708274,1.3596116444303243
268.0,268.0000088036769,1.3445686290008843
269.0,269.00000883652643,1.4140527417032211
270.0,270.00000886937596,1.4067719774048253
271.0,271.0000089022255,1.3737627911365804
272.0,272.0000089350751,1.3392271961077211
273.0,273.0000089679246,1.3438939783035333
274.0,274.0000090007741,1.4000861928780879
275.0,275.00000903362366,1.3778168974756562
276.0,276.00000906647324,1.311034755591428
277.0,277.00000909932277,1.3917533291368485
278.0,278.0000091321723,1.4372460097003787
279.0,279.0000091650218,1.3348115589054919
280.0,280.0000091978714,1.3022801507401545
281.0,281.00000923072093,1.3370556194603176
282.0,282.00000926357046,1.382878994881215
283.0,283.00000929642,1.3607501944913478
284.0,284.0000093292695,1.3596702945509753
285.0,285.0000093621191,1.3232970500569683
286.0,286.00000939496863,1.2999824801689392
287.0,287.00000942781816,1.374046783767682
288.0,288.0000094606677,1.36596927746362
289.0,289.00000949351727,1.3318363762106897
290.0,290.0000095263668,1.3154121978057831
291.0,291.0000095592163,1.310808595132786
292.0,292.00000959206585,1.3152804454951206
293.0,293.00000962491544,1.2929803735593404
294.0,294.00000965776496,1.3360437780653909
295.0,295.0000096906145,1.2598466883317294
296.0,296.000009723464,1.3426625640384986
297.0,297.00000975631355,1.2657897923884986
298.0,298.00000978916313,1.324043889979069
299.0,299.00000982201266,1.2806152039621062
300.0,300.0000098548622,1.3161987503344317
301.0,301.0000098877117,1.3727740951481804
302.0,302.0000099205613,1.3368139779861181
303.0,303.0000099534108,1.3486758760365407
304.0,304.00000998626035,1.3412156886838917
305.0,305.0000100191099,1.2901912240883129
306.0,306.00001005195946,1.3505432794868861
307.0,307.000010084809,1.3554591886705045
308.0,308.0000101176585,1.3363123918632374
309.0,309.00001015050805,1.3488126547744375
310.0,310.0000101833576,1.355681865901085
311.0,311.00001021620716,1.3483671954987
312.0,312.0000102490567,1.368995906868474
313.0,313.0000102819062,1.346991368806426
314.0,314.00001031475574,1.416915866704696
315.0,315.0000103476053,1.3875441594105342
316.0,316.00001038045485,1.299106438156238
317.0,317.0000104133044,1.2721985057769316
318.0,318.0000104461539,1.2993472373978598
319.0,319.0000104790035,1.2799305205022706
320.0,320.000010511853,1.2927629698937413
321.0,321.00001054470255,1.3755904231103597
322.0,322.0000105775521,1.3058420498006083
323.0,323.0000106104016,1.274095789390148
324.0,324.0000106432512,1.29754917441205
325.0,325.0000106761007,1.3177482528917777
326.0,326.00001070895024,1.3257244036153286
327.0,327.00001074179977,1.3124108763187041
328.0,328.00001077464935,1.3524761501182656
329.0,329.0000108074989,1.3044762833704753
330.0,330.0000108403484,1.2862925508308891
331.0,331.00001087319794,1.3244380530869493
332.0,332.0000109060475,1.2983294927234703
333.0,333.00001093889705,1.312985885178786
334.0,334.0000109717466,1.3885421656213244
335.0,335.0000110045961,1.3401738176202487
336.0,336.00001103744563,1.3499324878918022
337.0,337.0000110702952,1.3187239664905446
338.0,338.00001110314474,1.4000213421223573
339.0,339.00001113599427,1.366143832212031
340.0,340.0000111688438,1.3956369001254816
341.0,341.0000112016934,1.3781502372266434
342.0,342.0000112345429,1.3893975096444524
343.0,343.00001126739244,1.403026153116796
344.0,344.00001130024197,1.3119824750840705
345.0,345.00001133309155,1.3851787005522853
346.0,346.0000113659411,1.3642827446547423
347.0,347.0000113987906,1.3472983039921367
348.0,348.00001143164013,1.4275792546863582
349.0,349.00001146448966,1.4184661550531958
350.0,350.00001149733924,1.400980484189826
351.0,351.0000115301888,1.436773897052609
352.0,352.0000115630383,1.4080413860374217
353.0,353.0000115958878,1.391645442424711
354.0,354.0000116287374,1.4234753022125262
355.0,355.00001166158694,1.3634290786350094
356.0,356.00001169443647,1.4246463259703686
357.0,357.000011727286,1.358463981267685
358.0,358.0000117601356,1.3257694570482794
359.0,359.0000117929851,1.3225862637239099
360.0,360.00001182583463,1.3890471020039894
361.0,361.00001185868416,1.4059561228117288
362.0,362.0000118915337,1.430885572808519
363.0,363.0000119243833,1.3951822051572131
364.0,364.0000119572328,1.4131721024997952
365.0,365.0000119900823,1.3650940930069417
366.0,366.00001202293186,1.3433028537542935
367.0,367.00001205578144,1.4134995334027425
368.0,368.00001208863097,1.372948006434481
369.0,369.0000121214805,1.3403856067877222
370.0,370.00001215433,1.3359493666213016
371.0,371.0000121871796,1.3854220772536134
372.0,372.00001222002913,1.365348915968243
373.0,373.00001225287866,1.4032958446783412
374.0,374.0000122857282,1.310819898206239
375.0,375.0000123185777,1.3331146017540503
376.0,376.0000123514273,1.3280343576769802
377.0,377.00001238427683,1.2953131506310969
378.0,378.00001241712636,1.3540756038690918
379.0,379.0000124499759,1.3401193369322362
380.0,380.00001248282547,1.3668536218009348
381.0,381.000012515675,1.335590376985115
382.0,382.0000125485245,1.4022006860820477
383.0,383.00001258137405,1.288473312665642
384.0,384.0000126142236,1.3376323079475492
385.0,385.00001264707316,1.3517153715450778
386.0,386.0000126799227,1.3271308722233148
387.0,387.0000127127722,1.257663658941936
388.0,388.00001274562175,1.3412217586618347
389.0,389.00001277847133,1.3174575350780804
390.0,390.00001281132086,1.3519259122081582
391.0,391.0000128441704,1.3467263775283935
392.0,392.0000128770199,1.3419063722144882
393.0,393.0000129098695,1.3489295998081001
394.0,394.000012942719,1.322573550674398
395.0,395.00001297556855,1.2674855249873713
396.0,396.0000130084181,1.3117501569613341
397.0,397.0000130412676,1.356182612115406
398.0,398.0000130741172,1.4181914211696312
399.0,399.0000131069667,1.3872502107313347
400.0,400.00001313981625,1.4015971799196356
401.0,401.0000131726658,1.363957845903295
402.0,402.00001320551536,1.3550473944685317
403.0,403.0000132383649,1.4393145942695285
404.0,404.0000132712144,1.347384817333153
405.0,405.00001330406394,1.4026975238747192
406.0,406.0000133369135,1.409244277983292
407.0,407.00001336976305,1.3709704305079404
408.0,408.0000134026126,1.3030425199021785
409.0,409.0000134354621,1.310006632414671
410.0,410.00001346831164,1.3277585935162497
411.0,411.0000135011612,1.27868075637979
412.0,412.00001353401075,1.3207653031031168
413.0,413.0000135668603,1.3774824663152827
414.0,414.0000135997098,1.2845551958432149
415.0,415.0000136325594,1.2636341670232132
416.0,416.0000136654089,1.3103650136424552
417.0,417.00001369825844,1.3136099881001058
418.0,418.00001373110797,1.3489979344576712
419.0,419.00001376395755,1.3456256974295142
420.0,420.0000137968071,1.3174906888185696
421.0,421.0000138296566,1.3044880858870946
422.0,422.00001386250614,1.3387632946908847
423.0,423.00001389535566,1.31937958346284
424.0,424.00001392820525,1.3385009699115078
425.0,425.0000139610548,1.3269775101680719
426.0,426.0000139939043,1.2979554632816628
427.0,427.00001402675383,1.3415247022419292
428.0,428.0000140596034,1.363049271945123
429.0,429.00001409245294,1.3639082362129749
430.0,430.00001412530247,1.3688697263419445
431.0,431.000014158152,1.3194526408883347
432.0,432.0000141910016,1.356703433546265
433.0,433.0000142238511,1.386207390833442
434.0,434.00001425670064,1.3466853556572933
435.0,435.00001428955017,1.3704889962269304
436.0,436.0000143223997,1.3573979476793356
437.0,437.0000143552493,1.3154804512529326
438.0,438.0000143880988,1.3736681080208417
439.0,439.00001442094833,1.3696975374737115
440.0,440.00001445379786,1.3734863472058194
441.0,441.00001448664744,1.3705983769457297
442.0,442.000014519497,1.3138301009503603
443.0,443.0000145523465,1.375600362260532
444.0,444.000014585196,1.3956350414816285
445.0,445.0000146180456,1.3003491089887602
446.0,446.00001465089514,1.2824398331569027
447.0,447.00001468374467,1.3166722193719687
448.0,448.0000147165942,1.3464204926816297
449.0,449.0000147494437,1.4409272830395574
450.0,450.0000147822933,1.4034155115686962
451.0,451.00001481514283,1.3708474084590312
452.0,452.00001484799236,1.351825240295247
453.0,453.0000148808419,1.3434236613295514
454.0,454.0000149136915,1.3533629500827853
455.0,455.000014946541,1.37260520818225
456.0,456.0000149793905,1.3375761559541364
457.0,457.00001501224006,1.430885636908241
458.0,458.00001504508964,1.4071551842320946
459.0,459.00001507793917,1.3478023604314564
460.0,460.0000151107887,1.3674122206615322
461.0,461.0000151436382,1.3332045945434414
462.0,462.00001517648775,1.4063114305998876
463.0,463.00001520933733,1.4217971203227484
464.0,464.00001524218686,1.3576182975270126
465.0,465.0000152750364,1.355336111888093
466.0,466.0000153078859,1.3680540632769618
467.0,467.0000153407355,1.4205941942694764
468.0,468.00001537358503,1.3865116436710827
469.0,469.00001540643456,1.4075041053412594
470.0,470.0000154392841,1.321174675071792
471.0,471.00001547213367,1.3409020988100557
472.0,472.0000155049832,1.3217609619629977
473.0,473.0000155378327,1.324957032625335
474.0,474.00001557068225,1.3642617507461658
475.0,475.0000156035318,1.3439482962629479
476.0,476.00001563638136,1.328760550293806
477.0,477.0000156692309,1.3371190840555967
478.0,478.0000157020804,1.4388354547992488
479.0,479.00001573492995,1.3404238164025741
480.0,480.00001576777953,1.4218566817124096
481.0,481.00001580062906,1.3613242420737888
482.0,482.0000158334786,1.416685974273903
483.0,483.0000158663281,1.343584480965419
484.0,484.0000158991777,1.4018911170190813
485.0,485.0000159320272,1.4150566795677515
486.0,486.00001596487675,1.4350895759564197
487.0,487.0000159977263,1.3822610282431105
488.0,488.0000160305758,1.4295217009643055
489.0,489.0000160634254,1.387148091489546
490.0,490.0000160962749,1.3791068338175492
491.0,491.00001612912445,1.3912390746438499
492.0,492.000016161974,1.4397471829895474
493.0,493.00001619482356,1.3969956276528899
494.0,494.0000162276731,1.3910503010807516
495.0,495.0000162605226,1.380587685727522
496.0,496.00001629337214,1.3788892016777765
497.0,497.0000163262217,1.41409267586384
498.0,498.00001635907125,1.4614348200812741
499.0,499.0000163919208,1.4789248139109343
500.0,500.0000164247703,1.4474167243922644
501.0,501.00001645761984,1.4296097470001126
502.0,502.0000164904694,1.4216568037969737
503.0,503.00001652331895,1.4402877102694895
504.0,504.0000165561685,1.4671710801010074
505.0,505.000016589018,1.4864698012398923
506.0,506.0000166218676,1.530493863376842
507.0,507.0000166547171,1.4595416255728788
508.0,508.00001668756664,1.459465207592337
509.0,509.00001672041617,1.4638491165150804
510.0,510.00001675326575,1.5038377752601937
511.0,511.0000167861153,1.4739902180189812
512.0,512.0000168189648,1.3770780430147147
513.0,513.0000168518144,1.3546836557867228
514.0,514.0000168846639,1.4564459437978727
515.0,515.0000169175134,1.4816964022771133
516.0,516.0000169503629,1.4616349628149943
517.0,517.0000169832125,1.4238587824828177
518.0,518.0000170160621,1.49594997924096
519.0,519.0000170489116,1.4521673516969396
520.0,520.0000170817611,1.4691130340570109
521.0,521.0000171146107,1.3829666217117096
522.0,522.0000171474602,1.4918445553808417
523.0,523.0000171803098,1.4094938881138765
524.0,524.0000172131593,1.380135853264848
525.0,525.0000172460088,1.4051457177552351
526.0,526.0000172788584,1.4291614086483382
527.0,527.0000173117079,1.4543841945024425
528.0,528.0000173445575,1.460351264500825
529.0,529.000017377407,1.3864882769759923
530.0,530.0000174102565,1.425331962016338
531.0,531.0000174431061,1.4400991954800162
532.0,532.0000174759556,1.488522301806283
533.0,533.0000175088052,1.4585043714507508
534.0,534.0000175416548,1.4153465990642466
535.0,535.0000175745042,1.3583057201132414
536.0,536.0000176073538,1.4460637799751048
537.0,537.0000176402033,1.420143942153853
538.0,538.0000176730529,1.3899834644487477
539.0,539.0000177059025,1.4574500325409157
540.0,540.0000177387519,1.4145294217079016
541.0,541.0000177716015,1.404165162524778
542.0,542.000017804451,1.4958754450305283
543.0,543.0000178373006,1.5162679306139668
544.0,544.0000178701501,1.423787731607422
545.0,545.0000179029996,1.405110496108475
546.0,546.0000179358492,1.4275130184311813
547.0,547.0000179686988,1.3628130297793462
548.0,548.0000180015483,1.4441858892432131
549.0,549.0000180343978,1.4854577852119097
550.0,550.0000180672473,1.4412975746664949
551.0,551.0000181000969,1.398573995277599
552.0,552.0000181329465,1.4595083748571454
553.0,553.000018165796,1.4503931443641984
554.0,554.0000181986455,1.3865764909385294
555.0,555.000018231495,1.4291599821532737
556.0,556.0000182643446,1.428129869713899
557.0,557.0000182971942,1.4488530562028752
558.0,558.0000183300436,1.3775728714816888
559.0,559.0000183628932,1.43597774578967
560.0,560.0000183957428,1.3529445278039456
561.0,561.0000184285923,1.4029546601011287
562.0,562.0000184614419,1.4282219346431493
563.0,563.0000184942913,1.406285787624678
564.0,564.0000185271409,1.4295961636191805
565.0,565.0000185599905,1.3694106231435295
566.0,566.00001859284,1.4441266681596243
567.0,567.0000186256896,1.4619769413223938
568.0,568.000018658539,1.4023497879163414
569.0,569.0000186913886,1.3862594459127502
570.0,570.0000187242382,1.431948009694034
571.0,571.0000187570877,1.4259214987455056
572.0,572.0000187899373,1.4213712819897024
573.0,573.0000188227868,1.4173628794695532
574.0,574.0000188556363,1.4481363565064336
575.0,575.0000188884859,1.4610288015691202
576.0,576.0000189213354,1.5398437630217263
577.0,577.000018954185,1.4402058031372964
578.0,578.0000189870345,1.3995121092572989
579.0,579.000019019884,1.4876250030798683
580.0,580.0000190527336,1.427456516757327
581.0,581.0000190855831,1.4302613751780895
582.0,582.0000191184326,1.4139228508862531
583.0,583.0000191512822,1.4786226244361806
584.0,584.0000191841317,1.4742816281420879
585.0,585.0000192169813,1.4146843807918235
586.0,586.0000192498309,1.3830787728808427
587.0,587.0000192826803,1.394322932647208
588.0,588.0000193155299,1.422287922901124
589.0,589.0000193483794,1.4802239463848308
590.0,590.000019381229,1.384731005694301
591.0,591.0000194140786,1.4279533040634325
592.0,592.000019446928,1.3984556173090916
593.0,593.0000194797776,1.446012029432088
594.0,594.0000195126271,1.4190066126056786
595.0,595.0000195454767,1.423099177721609
596.0,596.0000195783263,1.3994955534124962
597.0,597.0000196111757,1.4352719004198038
598.0,598.0000196440253,1.438901924050123
599.0,599.0000196768749,1.5220170428877853
600.0,600.0000197097244,1.482733275534436
601.0,601.000019742574,1.4275105722455985
602.0,602.0000197754234,1.3980612181030503
603.0,603.000019808273,1.4049718239052504
604.0,604.0000198411226,1.384300881178796
605.0,605.0000198739721,1.4497930736924498
606.0,606.0000199068216,1.5435020372267862
607.0,607.0000199396711,1.4976641527683265
608.0,608.0000199725207,1.5918917059013493
609.0,609.0000200053703,1.6055731302037077
610.0,610.0000200382198,1.5599186518528443
611.0,611.0000200710693,1.4926007533442378
612.0,612.0000201039189,1.5854029810839194
613.0,613.0000201367684,1.551648648296693
614.0,614.000020169618,1.5992124645518742
615.0,615.0000202024675,1.5242909731799839
616.0,616.000020235317,1.5308153826041553
617.0,617.0000202681666,1.529420893575032
618.0,618.0000203010161,1.5246572024939549
619.0,619.0000203338657,1.5072097602356878
620.0,620.0000203667151,1.4139858919996338
621.0,621.0000203995647,1.5453581584113534
622.0,622.0000204324143,1.4743111946109266
623.0,623.0000204652638,1.5214530524053098
624.0,624.0000204981134,1.5386259968151097
625.0,625.000020530963,1.4512292692142263
626.0,626.0000205638124,1.4690799788996904
627.0,627.000020596662,1.4532594622655164
628.0,628.0000206295115,1.5274070098776742
629.0,629.0000206623611,1.546650016981226
630.0,630.0000206952107,1.4993373396826082
631.0,631.0000207280601,1.4833940308733073
632.0,632.0000207609097,1.5508326672427888
633.0,633.0000207937592,1.5685389488751575
634.0,634.0000208266088,1.603884360480247
635.0,635.0000208594583,1.5516123323900097
636.0,636.0000208923078,1.5151729814063268
637.0,637.0000209251574,1.545769797502113
638.0,638.000020958007,1.529369801107666
639.0,639.0000209908565,1.560109663888102
640.0,640.000021023706,1.5425944129813747
641.0,641.0000210565555,1.4638393317648573
642.0,642.0000210894051,1.511448347429463
643.0,643.0000211222547,1.5378510366326417
644.0,644.0000211551042,1.4800270933044934
645.0,645.0000211879537,1.5393639012721745
646.0,646.0000212208032,1.4475171839185503
647.0,647.0000212536528,1.5496686278351386
648.0,648.0000212865024,1.5252009143711591
649.0,649.0000213193518,1.506321885616949
650.0,650.0000213522014,1.5348573498621303
651.0,651.000021385051,1.534529145740536
652.0,652.0000214179005,1.6463959194769746
653.0,653.0000214507501,1.5856648495605474
654.0,654.0000214835995,1.5145244655400718
655.0,655.0000215164491,1.560211535024575
656.0,656.0000215492987,1.4588335969368562
657.0,657.0000215821482,1.4844051090673942
658.0,658.0000216149978,1.524459006537122
659.0,659.0000216478472,1.5691689607994939
660.0,660.0000216806968,1.5229008263628305
661.0,661.0000217135464,1.495785510290931
662.0,662.0000217463959,1.5116656433709914
663.0,663.0000217792455,1.5158111594861794
664.0,664.000021812095,1.428730275344917
665.0,665.0000218449445,1.4951463523929418
666.0,666.0000218777941,1.5110016843457297
667.0,667.0000219106436,1.466141827199388
668.0,668.0000219434932,1.4214833006824605
669.0,669.0000219763427,1.4480053436390181
670.0,670.0000220091922,1.445345944700258
671.0,671.0000220420418,1.513411557149035
672.0,672.0000220748913,1.4675716575563351
673.0,673.0000221077408,1.4588079139351295
674.0,674.0000221405904,1.4668231747875267
675.0,675.0000221734399,1.483078015020942
676.0,676.0000222062895,1.4410200328273854
677.0,677.0000222391391,1.4730650056334313
678.0,678.0000222719885,1.494900910363528
679.0,679.0000223048381,1.4700452450159072
680.0,680.0000223376876,1.5255156910616765
681.0,681.0000223705372,1.4541939518242697
682.0,682.0000224033868,1.535384147790235
683.0,683.0000224362362,1.4713593951809845
684.0,684.0000224690858,1.473874250070784
685.0,685.0000225019353,1.5342237848577738
686.0,686.0000225347849,1.5036358676680486
687.0,687.0000225676345,1.450424372347914
688.0,688.0000226004839,1.5126712068482695
689.0,689.0000226333335,1.4655857596635438
690.0,690.0000226661831,1.478864086602129
691.0,691.0000226990326,1.4276298423044576
692.0,692.0000227318822,1.4631850867600122
693.0,693.0000227647316,1.473709887981458
694.0,694.0000227975812,1.4536889877445318
695.0,695.0000228304308,1.3769425549156635
696.0,696.0000228632803,1.425831498714401
697.0,697.0000228961298,1.543280509697513
698.0,698.0000229289793,1.4299222133498584
699.0,699.0000229618289,1.4428216906368645
700.0,700.0000229946785,1.410519792297194
701.0,701.000023027528,1.4505253268820115
702.0,702.0000230603775,1.4635001320294532
703.0,703.0000230932271,1.4201288211212413
704.0,704.0000231260766,1.4561226916291508
705.0,705.0000231589262,1.4871197240315293
706.0,706.0000231917757,1.4601223762377589
707.0,707.0000232246252,1.4745139385831698
708.0,708.0000232574748,1.4650198466318387
709.0,709.0000232903243,1.5018107004640908
710.0,710.0000233231739,1.4263386123694106
711.0,711.0000233560233,1.427625162943661
712.0,712.0000233888729,1.4547892335791277
713.0,713.0000234217225,1.4038565804772873
714.0,714.000023454572,1.382207123976158
715.0,715.0000234874216,1.4316291989193513
716.0,716.0000235202712,1.416317110943915
717.0,717.0000235531206,1.4563137604227463
718.0,718.0000235859702,1.400331967774936
719.0,719.0000236188197,1.3945227350659826
720.0,720.0000236516693,1.422401567270214
721.0,721.0000236845189,1.4560986173909982
722.0,722.0000237173683,1.4679864151443398
723.0,723.0000237502179,1.438374636830452
724.0,724.0000237830674,1.4832231251189567
725.0,725.000023815917,1.4791262875592972
726.0,726.0000238487665,1.4637201815870726
727.0,727.000023881616,1.4580797917897879
728.0,728.0000239144656,1.4618748325878175
729.0,729.0000239473152,1.422228921540539
730.0,730.0000239801647,1.3614550175705198
731.0,731.0000240130142,1.3983977388485067
732.0,732.0000240458637,1.3742536616202163
733.0,733.0000240787133,1.3733223104693038
734.0,734.0000241115629,1.488871347989678
735.0,735.0000241444124,1.547264881571457
736.0,736.0000241772619,1.4787548156510055
737.0,737.0000242101114,1.4850629899839265
738.0,738.000024242961,1.5456270947395987
739.0,739.0000242758106,1.4520539262579946
740.0,740.00002430866,1.4335788591707421
741.0,741.0000243415096,1.4766272532556155
742.0,742.0000243743592,1.4310811722843475
743.0,743.0000244072087,1.4550604863419891
744.0,744.0000244400583,1.4180561484499952
745.0,745.0000244729077,1.369125835347532
746.0,746.0000245057573,1.3903105360950707
747.0,747.0000245386069,1.399248204647903
748.0,748.0000245714564,1.4036176931924096
749.0,749.000024604306,1.4338544171211347
750.0,750.0000246371554,1.5232926724087044
751.0,751.000024670005,1.4094902135376908
752.0,752.0000247028546,1.4579313680593322
753.0,753.0000247357041,1.4614986294050138
754.0,754.0000247685537,1.444787337541625
755.0,755.0000248014032,1.4000815817639787
756.0,756.0000248342527,1.4139632102501352
757.0,757.0000248671023,1.4143164287485732
758.0,758.0000248999518,1.4014433151549435
759.0,759.0000249328014,1.4586710239750735
760.0,760.0000249656509,1.4342292152639673
761.0,761.0000249985004,1.5106991388084114
762.0,762.00002503135,1.501106542447969
763.0,763.0000250641995,1.479339164408391
764.0,764.000025097049,1.4830996345738934
765.0,765.0000251298986,1.4464683430702
766.0,766.0000251627481,1.4593153309534233
767.0,767.0000251955977,1.4770482442144561
768.0,768.0000252284472,1.4635983908742844
769.0,769.0000252612967,1.4760645598014068
770.0,770.0000252941463,1.4198963947020171
771.0,771.0000253269958,1.3574733894141624
772.0,772.0000253598454,1.3422423269261508
773.0,773.000025392695,1.4205375849679451
774.0,774.0000254255444,1.3146675490072475
775.0,775.000025458394,1.4230304231132305
776.0,776.0000254912435,1.395485304593116
777.0,777.0000255240931,1.4072927884724677
778.0,778.0000255569427,1.3610941058304096
779.0,779.0000255897921,1.3601966865483348
780.0,780.0000256226417,1.4081637015060762
781.0,781.0000256554912,1.403673814179998
782.0,782.0000256883408,1.4790139831112468
783.0,783.0000257211904,1.4371500319708113
784.0,784.0000257540398,1.4389106234334674
785.0,785.0000257868894,1.435092967545892
786.0,786.000025819739,1.4424806082533794
787.0,787.0000258525885,1.4352556378699068
788.0,788.000025885438,1.3792747024874747
789.0,789.0000259182875,1.4644939605809486
790.0,790.0000259511371,1.398957595867927
791.0,791.0000259839867,1.414201355822475
792.0,792.0000260168362,1.4521196894187531
793.0,793.0000260496857,1.4003178499218194
794.0,794.0000260825352,1.4180882464786588
795.0,795.0000261153848,1.4358975473018625
796.0,796.0000261482344,1.398786291524829
797.0,797.0000261810839,1.502527020991926
798.0,798.0000262139334,1.4310732979789322
799.0,799.000026246783,1.4761270279107974
800.0,800.0000262796325,1.4378805889569968
801.0,801.0000263124821,1.3811559155953612
802.0,802.0000263453315,1.3309780240236668
803.0,803.0000263781811,1.38852681877808
804.0,804.0000264110307,1.324013236759085
805.0,805.0000264438802,1.4385006395473368
806.0,806.0000264767298,1.3873230729282264
807.0,807.0000265095792,1.4492203921534714
808.0,808.0000265424288,1.3833191068178028
809.0,809.0000265752784,1.3887489498323808
810.0,810.0000266081279,1.3924050397111143
811.0,811.0000266409775,1.381614118672176
812.0,812.000026673827,1.3760377921091822
813.0,813.0000267066765,1.3329247545434193
814.0,814.0000267395261,1.3613527922161952
815.0,815.0000267723756,1.4197830522987323
816.0,816.0000268052252,1.3699144370099234
817.0,817.0000268380747,1.385513463149265
818.0,818.0000268709242,1.381210025082921
819.0,819.0000269037738,1.4284476308002914
820.0,820.0000269366233,1.3936017832053005
821.0,821.0000269694729,1.4102887139258862
822.0,822.0000270023224,1.4355027349433767
823.0,823.0000270351719,1.3999046164360538
824.0,824.0000270680215,1.4448455676514353
825.0,825.0000271008711,1.3543825657854727
826.0,826.0000271337206,1.491473325174188
827.0,827.0000271665701,1.4249993852450689
828.0,828.0000271994196,1.4668062265475104
829.0,829.0000272322692,1.4245970623829478
830.0,830.0000272651188,1.426044114927412
831.0,831.0000272979682,1.4411070032564488
832.0,832.0000273308178,1.4077247764665926
833.0,833.0000273636673,1.3626818875350766
834.0,834.0000273965169,1.341418395935231
835.0,835.0000274293665,1.3571211792165934
836.0,836.0000274622159,1.3495930321435397
837.0,837.0000274950655,1.3408605119962367
838.0,838.0000275279151,1.3029020481793019
839.0,839.0000275607646,1.3836138659339312
840.0,840.0000275936142,1.3592304717547188
841.0,841.0000276264636,1.3131942567411523
842.0,842.0000276593132,1.3512223600347752
843.0,843.0000276921628,1.2988669308187037
844.0,844.0000277250123,1.3524211925522083
845.0,845.0000277578619,1.3383999265638695
846.0,846.0000277907113,1.3159143145231873
847.0,847.0000278235609,1.3213161340094353
848.0,848.0000278564105,1.3592328083721696
849.0,849.00002788926,1.3630032977337276
850.0,850.0000279221096,1.3316779144567032
851.0,851.0000279549591,1.2770891281168812
852.0,852.0000279878086,1.315202918488663
853.0,853.0000280206582,1.2938734821119637
854.0,854.0000280535077,1.3276993053049193
855.0,855.0000280863572,1.3854953804598702
856.0,856.0000281192068,1.3955654613607877
857.0,857.0000281520563,1.350922019575369
858.0,858.0000281849059,1.3410026410644333
859.0,859.0000282177554,1.3538347669245934
860.0,860.0000282506049,1.4037343298705647
861.0,861.0000282834545,1.2980058195328623
862.0,862.000028316304,1.4341289263096018
863.0,863.0000283491536,1.4136999832293538
864.0,864.0000283820032,1.3597408430317086
865.0,865.0000284148526,1.356910656156858
866.0,866.0000284477022,1.4352996970084442
867.0,867.0000284805517,1.4323022256895188
868.0,868.0000285134013,1.345774245289944
869.0,869.0000285462509,1.3791056533863209
870.0,870.0000285791003,1.3747378557975884
871.0,871.0000286119499,1.3322903298138136
872.0,872.0000286447994,1.340918163952108
873.0,873.000028677649,1.3669231291574018
874.0,874.0000287104986,1.4096318328288442
875.0,875.000028743348,1.4797824045192236
876.0,876.0000287761976,1.4277844123565457
877.0,877.0000288090472,1.3778180190119755
878.0,878.0000288418967,1.4308810468833606
879.0,879.0000288747462,1.4904305546288377
880.0,880.0000289075957,1.4122206099926702
881.0,881.0000289404453,1.3841060119335276
882.0,882.0000289732949,1.4651710298253213
883.0,883.0000290061444,1.3653575172689143
884.0,884.000029038994,1.381881303862298
885.0,885.0000290718434,1.3596792775363535
886.0,886.000029104693,1.4768006000301281
887.0,887.0000291375426,1.427813985095493
888.0,888.000029170392,1.4474115539638193
889.0,889.0000292032416,1.4324054494324963
890.0,890.0000292360912,1.422249554556244
891.0,891.0000292689407,1.4548643414189866
892.0,892.0000293017903,1.45086768487322
893.0,893.0000293346397,1.413582367636601
894.0,894.0000293674893,1.4501048299776162
895.0,895.0000294003389,1.572676226493628
896.0,896.0000294331884,1.4817657319788284
897.0,897.000029466038,1.463602373941353
898.0,898.0000294988874,1.4770632123003802
899.0,899.000029531737,1.5052616916791384
900.0,900.0000295645866,1.4095304476253523
901.0,901.0000295974361,1.5031472859968615
902.0,902.0000296302857,1.5017391743274482
903.0,903.0000296631353,1.417673588559081
904.0,904.0000296959847,1.4506830858857074
905.0,905.0000297288343,1.4439482628394975
906.0,906.0000297616838,1.5083858306680318
907.0,907.0000297945334,1.4868032386504344
908.0,908.000029827383,1.451234989538067
909.0,909.0000298602324,1.5010027109448816
910.0,910.000029893082,1.4403670423204968
911.0,911.0000299259315,1.5037950827630726
912.0,912.000029958781,1.4393377887095256
913.0,913.0000299916306,1.5004256990624532
914.0,914.0000300244801,1.4731136281683626
915.0,915.0000300573297,1.473578828250974
916.0,916.0000300901793,1.5196715289713307
917.0,917.0000301230288,1.4530993469870457
918.0,918.0000301558783,1.5304997675125809
919.0,919.0000301887278,1.4924233618238978
920.0,920.0000302215774,1.4439935346421588
921.0,921.000030254427,1.4221242488675854
922.0,922.0000302872764,1.4736539813898488
923.0,923.000030320126,1.4555110389321602
924.0,924.0000303529755,1.448423094531392
925.0,925.0000303858251,1.4713998746048629
926.0,926.0000304186747,1.4113671226474613
927.0,927.0000304515241,1.4384377551082248
928.0,928.0000304843737,1.4531918765049756
929.0,929.0000305172233,1.3556387688840026
930.0,930.0000305500728,1.4166899342758126
931.0,931.0000305829224,1.3991176585729972
932.0,932.0000306157718,1.4086458233382042
933.0,933.0000306486214,1.4158404613133961
934.0,934.000030681471,1.4703119990383338
935.0,935.0000307143205,1.4319323932532702
936.0,936.0000307471701,1.428072462381975
937.0,937.0000307800195,1.4409666762648472
938.0,938.0000308128691,1.4134660377001678
939.0,939.0000308457187,1.4587933427512747
940.0,940.0000308785682,1.3627752132477828
941.0,941.0000309114178,1.3946203557244148
942.0,942.0000309442673,1.3638058106334636
943.0,943.0000309771168,1.4220889008076458
944.0,944.0000310099664,1.4235518045286752
945.0,945.0000310428159,1.4054998286879614
946.0,946.0000310756654,1.4152529464155736
947.0,947.000031108515,1.4074304841725853
948.0,948.0000311413645,1.4232068986280977
949.0,949.0000311742141,1.40205338791342
950.0,950.0000312070636,1.3747207889057076
951.0,951.0000312399131,1.4249993765384064
952.0,952.0000312727627,1.4119615701426889
953.0,953.0000313056122,1.4751115465917188
954.0,954.0000313384618,1.588050773613803
955.0,955.0000313713114,1.4585422666274617
956.0,956.0000314041608,1.4470935627518613
957.0,957.0000314370104,1.4259255164939166
958.0,958.0000314698599,1.421568346606463
959.0,959.0000315027095,1.352687849002206
960.0,960.0000315355591,1.4408241394218426
961.0,961.0000315684085,1.4404867958577083
962.0,962.0000316012581,1.3897603495383621
963.0,963.0000316341076,1.4704594777968776
964.0,964.0000316669572,1.4944258839707178
965.0,965.0000316998068,1.4863356392782627
966.0,966.0000317326562,1.49475314767139
967.0,967.0000317655058,1.4813160125809182
968.0,968.0000317983554,1.4564928051283237
969.0,969.0000318312049,1.4442423812906582
970.0,970.0000318640544,1.4377536755604734
971.0,971.0000318969039,1.5135729033635394
972.0,972.0000319297535,1.5050059918928114
973.0,973.0000319626031,1.5090566854153526
974.0,974.0000319954526,1.4330270464263464
975.0,975.0000320283021,1.439607213309985
976.0,976.0000320611516,1.447877504258598
977.0,977.0000320940012,1.397906937668659
978.0,978.0000321268508,1.4418371574194544
979.0,979.0000321597003,1.4574152528370343
980.0,980.0000321925498,1.4312767030035536
981.0,981.0000322253994,1.4775257697478408
982.0,982.0000322582489,1.445385378819556
983.0,983.0000322910985,1.5010655471626493
984.0,984.000032323948,1.4655238288349224
985.0,985.0000323567975,1.456666997050176
986.0,986.0000323896471,1.5039047869475464
987.0,987.0000324224966,1.5068059127990558
988.0,988.0000324553462,1.4741989868127734
989.0,989.0000324881956,1.4754195757756972
990.0,990.0000325210452,1.4348053338401316
991.0,991.0000325538948,1.494736468011903
992.0,992.0000325867443,1.4266677145683808
993.0,993.0000326195939,1.4775185462337665
994.0,994.0000326524435,1.5092025618929583
995.0,995.0000326852929,1.4936124910143638
996.0,996.0000327181425,1.4472156329585149
997.0,997.000032750992,1.4927155529885168
998.0,998.0000327838416,1.4496940851553601
999.0,999.0000328166911,1.4477721054556336
1000.0,1000.0000328495406,1.4551672654384635
1001.0,1001.0000328823902,1.3690790576514356
1002.0,1002.0000329152397,1.4156057649968712
1003.0,1003.0000329480893,1.42546649174855
1004.0,1004.0000329809388,1.4953532961817773
1005.0,1005.0000330137883,1.392745886379482
1006.0,1006.0000330466379,1.4809244609267525
1007.0,1007.0000330794875,1.4567159421145135
1008.0,1008.000033112337,1.4859828458270894
1009.0,1009.0000331451865,1.4256687085842081
1010.0,1010.000033178036,1.4185041039928503
1011.0,1011.0000332108856,1.44069732445241
1012.0,1012.0000332437352,1.4569204411252583
1013.0,1013.0000332765846,1.4210501989396433
1014.0,1014.0000333094342,1.4205115415191352
1015.0,1015.0000333422837,1.44346234497742
1016.0,1016.0000333751333,1.4580520930157113
1017.0,1017.0000334079829,1.4181076204184784
1018.0,1018.0000334408323,1.455993903654272
1019.0,1019.0000334736819,1.4464821775486856
1020.0,1020.0000335065315,1.5016647114313828
1021.0,1021.000033539381,1.512948037702506
1022.0,1022.0000335722306,1.39137470250105
1023.0,1023.00003360508,1.4277717666338032
1024.0,1024.0000336379296,1.4777564060040589
1025.0,1025.0000336707792,1.469552372645948
1026.0,1026.0000337036288,1.4776946968150844
1027.0,1027.0000337364781,1.5306910314936375
1028.0,1028.0000337693277,1.4865005160873632
1029.0,1029.0000338021773,1.5244239264035153
1030.0,1030.000033835027,1.4546698673198715
1031.0,1031.0000338678765,1.5144009271610406
1032.0,1032.0000339007258,1.43772045156361
1033.0,1033.0000339335754,1.4352439366588106
1034.0,1034.000033966425,1.4701156041854502
1035.0,1035.0000339992746,1.4982100726383076
1036.0,1036.0000340321242,1.5201985109206617
1037.0,1037.0000340649735,1.5399299929697734
1038.0,1038.0000340978231,1.4737424105037624
1039.0,1039.0000341306727,1.4797210455153906
1040.0,1040.0000341635223,1.507569956520876
1041.0,1041.0000341963719,1.445533639773652
1042.0,1042.0000342292215,1.4372475684384152
1043.0,1043.0000342620708,1.521009292279157
1044.0,1044.0000342949204,1.4655652003686785
1045.0,1045.00003432777,1.4807378784221763
1046.0,1046.0000343606196,1.4780359914778611
1047.0,1047.0000343934692,1.4786441105697337
1048.0,1048.0000344263185,1.475848810517333
1049.0,1049.000034459168,1.4980795665840145
1050.0,1050.0000344920177,1.5263114856215179
1051.0,1051.0000345248673,1.5088119091302676
1052.0,1052.0000345577168,1.4482086796368634
1053.0,1053.0000345905662,1.407684396320398
1054.0,1054.0000346234158,1.4326942862288017
1055.0,1055.0000346562654,1.4371766580590488
1056.0,1056.000034689115,1.4514032073105776
1057.0,1057.0000347219645,1.4981007765303667
1058.0,1058.000034754814,1.4394805460161548
1059.0,1059.0000347876635,1.5075426339160498
1060.0,1060.000034820513,1.5078487714769642
1061.0,1061.0000348533626,1.5082397248394062
1062.0,1062.0000348862122,1.462550719379197
1063.0,1063.0000349190616,1.458475165832479
1064.0,1064.0000349519112,1.513780350544494
1065.0,1065.0000349847608,1.4407675395990762
1066.0,1066.0000350176103,1.4476071549536575
1067.0,1067.00003505046,1.5373636196442548
1068.0,1068.0000350833095,1.4800028139901429
1069.0,1069.0000351161589,1.4781035490876138
1070.0,1070.0000351490085,1.4777845865210397
1071.0,1071.000035181858,1.5742807854934286
1072.0,1072.0000352147076,1.484199266223671
1073.0,1073.0000352475572,1.5759338145940935
1074.0,1074.0000352804066,1.5491365652535698
1075.0,1075.0000353132561,1.5056083930856052
1076.0,1076.0000353461057,1.4652739645713273
1077.0,1077.0000353789553,1.477416321440053
1078.0,1078.000035411805,1.5776896433769012
1079.0,1079.0000354446543,1.5495220278804702
1080.0,1080.0000354775038,1.517391131196916
1081.0,1081.0000355103534,1.5296965934844247
1082.0,1082.000035543203,1.4784785850731412
1083.0,1083.0000355760526,1.4303107165870326
1084.0,1084.000035608902,1.4181459187395373
1085.0,1085.0000356417515,1.4470289460144405
1086.0,1086.0000356746011,1.5634770581256487
1087.0,1087.0000357074507,1.4769039786983218
1088.0,1088.0000357403003,1.4337349466260774
1089.0,1089.0000357731496,1.4822334062959555
1090.0,1090.0000358059992,1.448941034871836
1091.0,1091.0000358388488,1.4192026280525896
1092.0,1092.0000358716984,1.3852769379595624
1093.0,1093.000035904548,1.4493966045470097
1094.0,1094.0000359373976,1.4548528196971084
1095.0,1095.000035970247,1.4420971296241054
1096.0,1096.0000360030965,1.4655665283003143
1097.0,1097.000036035946,1.5032930835160767
1098.0,1098.0000360687957,1.443341247598504
1099.0,1099.0000361016453,1.5207746087727356
1100.0,1100.0000361344946,1.4519508834482948
1101.0,1101.0000361673442,1.44999043898482
1102.0,1102.0000362001938,1.5054563209466185
1103.0,1103.0000362330434,1.4466226109849087
1104.0,1104.000036265893,1.394198455624932
1105.0,1105.0000362987423,1.402140518184531
1106.0,1106.000036331592,1.3327493233409513
1107.0,1107.0000363644415,1.368279051722642
1108.0,1108.000036397291,1.3599183644052268
1109.0,1109.0000364301407,1.4473041148496046
1110.0,1110.00003646299,1.456796204499984
1111.0,1111.0000364958396,1.4325136797176323
1112.0,1112.0000365286892,1.3998688809879936
1113.0,1113.0000365615388,1.4148095674271906
1114.0,1114.0000365943883,1.4098943976331049
1115.0,1115.0000366272377,1.4120314382128125
1116.0,1116.0000366600873,1.4435993308032287
1117.0,1117.0000366929369,1.4165702990189537
1118.0,1118.0000367257865,1.3790859837841343
1119.0,1119.000036758636,1.4106977832341363
1120.0,1120.0000367914856,1.4430749195340729
1121.0,1121.000036824335,1.460988994722116
1122.0,1122.0000368571846,1.4154206068350212
1123.0,1123.0000368900342,1.4629544491380915
1124.0,1124.0000369228837,1.4948710152553681
1125.0,1125.0000369557333,1.4688011551063584
1126.0,1126.0000369885827,1.43281376514023
1127.0,1127.0000370214323,1.440822874626962
1128.0,1128.0000370542818,1.4026728423327697
1129.0,1129.0000370871314,1.402448194721156
1130.0,1130.000037119981,1.4529666288170373
1131.0,1131.0000371528304,1.4897358152428402
1132.0,1132.00003718568,1.395380092409476
1133.0,1133.0000372185295,1.426652998930773
1134.0,1134.0000372513791,1.4494632513299375
1135.0,1135.0000372842287,1.45164532498599
1136.0,1136.000037317078,1.4551883306636024
1137.0,1137.0000373499277,1.4300200177339522
1138.0,1138.0000373827772,1.4030655266034397
1139.0,1139.0000374156268,1.3964936380186221
1140.0,1140.0000374484764,1.4100567602849463
1141.0,1141.0000374813258,1.3956182518630451
1142.0,1142.0000375141753,1.4272594305514172
1143.0,1143.000037547025,1.451924770221266
1144.0,1144.0000375798745,1.3600694077405997
1145.0,1145.000037612724,1.4626027180920176
1146.0,1146.0000376455737,1.4166175882958032
1147.0,1147.000037678423,1.4220536306585794
1148.0,1148.0000377112726,1.4516107133451328
1149.0,1149.0000377441222,1.4782394618859889
1150.0,1150.0000377769718,1.4496798701949924
1151.0,1151.0000378098214,1.3872392837293914
1152.0,1152.0000378426707,1.3894233132594258
1153.0,1153.0000378755203,1.391778307976497
1154.0,1154.00003790837,1.4378574331914133
1155.0,1155.0000379412195,1.4135894902330284
1156.0,1156.000037974069,1.4273228279193937
1157.0,1157.0000380069184,1.3477810583296308
1158.0,1158.000038039768,1.3649008267636287
1159.0,1159.0000380726176,1.4145802010904778
1160.0,1160.0000381054672,1.4374485787934055
1161.0,1161.0000381383168,1.4567824390885966
1162.0,1162.0000381711661,1.459735315081606
1163.0,1163.0000382040157,1.4713921052690606
1164.0,1164.0000382368653,1.5240033312527355
1165.0,1165.0000382697149,1.4372807691851892
1166.0,1166.0000383025645,1.5137154055954214
1167.0,1167.0000383354138,1.4659907041762852
1168.0,1168.0000383682634,1.486672835697118
1169.0,1169.000038401113,1.4411720577798215
1170.0,1170.0000384339626,1.43447349121403
1171.0,1171.0000384668122,1.4917652731199345
1172.0,1172.0000384996617,1.4499989482777427
1173.0,1173.000038532511,1.4818002905505658
1174.0,1174.0000385653607,1.4567586380162172
1175.0,1175.0000385982103,1.4154823728439885
1176.0,1176.0000386310599,1.4135645292693277
1177.0,1177.0000386639094,1.4398836258032934
1178.0,1178.0000386967588,1.5002014585242718
1179.0,1179.0000387296084,1.4476307154852384
1180.0,1180.000038762458,1.5137681612693792
1181.0,1181.0000387953075,1.477726866986807
1182.0,1182.0000388281571,1.4769222694816706
1183.0,1183.0000388610065,1.4655495955938924
1184.0,1184.000038893856,1.4958009256883211
1185.0,1185.0000389267057,1.5185518729168541
1186.0,1186.0000389595552,1.4347459819184303
1187.0,1187.0000389924048,1.477615598336663
1188.0,1188.0000390252542,1.442699780465318
1189.0,1189.0000390581038,1.3837431375735376
1190.0,1190.0000390909534,1.4150134179087415
1191.0,1191.000039123803,1.4131846276380116
1192.0,1192.0000391566525,1.4477472225005659
1193.0,1193.0000391895019,1.4734503097279819
1194.0,1194.0000392223515,1.4070827475769672
1195.0,1195.000039255201,1.4299125428647839
1196.0,1196.0000392880506,1.4165564164119706
1197.0,1197.0000393209002,1.4735206657706215
1198.0,1198.0000393537498,1.3758093844573587
1199.0,1199.0000393865992,1.425591073192597
1200.0,1200.0000394194487,1.4015653979605447
1201.0,1201.0000394522983,1.3977753778476127
1202.0,1202.000039485148,1.3994696185831195
1203.0,1203.0000395179975,1.475180736302082
1204.0,1204.0000395508469,1.4993206728057795
1205.0,1205.0000395836964,1.4433838527045373
1206.0,1206.000039616546,1.438681238376926
1207.0,1207.0000396493956,1.3945106869385338
1208.0,1208.0000396822452,1.3787836021957132
1209.0,1209.0000397150945,1.399684918711428
1210.0,1210.0000397479441,1.4655804182914414
1211.0,1211.0000397807937,1.4728789469134864
1212.0,1212.0000398136433,1.4343949145648387
1213.0,1213.0000398464929,1.3995082597432353
1214.0,1214.0000398793422,1.432929925104193
1215.0,1215.0000399121918,1.38484145586272
1216.0,1216.0000399450414,1.4789657935109708
1217.0,1217.000039977891,1.439135241853092
1218.0,1218.0000400107406,1.4818961009389604
1219.0,1219.00004004359,1.4299503682878123
1220.0,1220.0000400764395,1.4638594484786478
1221.0,1221.000040109289,1.3761798982765747
1222.0,1222.0000401421387,1.4089871062078985
1223.0,1223.0000401749883,1.466756115287624
1224.0,1224.0000402078379,1.4081257182683156
1225.0,1225.0000402406872,1.5081194550046253
1226.0,1226.0000402735368,1.5214822624792845
1227.0,1227.0000403063864,1.4826563507774206
1228.0,1228.000040339236,1.4156752549715828
1229.0,1229.0000403720856,1.499404389154205
1230.0,1230.000040404935,1.527373732301955
1231.0,1231.0000404377845,1.5488804882935583
1232.0,1232.000040470634,1.4961548225432832
1233.0,1233.0000405034837,1.4703062000505775
1234.0,1234.0000405363332,1.476667243084475
1235.0,1235.0000405691826,1.5513182069789107
1236.0,1236.0000406020322,1.5180025061785571
1237.0,1237.0000406348818,1.4487779917449881
1238.0,1238.0000406677314,1.5193176081054574
1239.0,1239.000040700581,1.4419165750325817
1240.0,1240.0000407334303,1.5463777856151562
1241.0,1241.0000407662799,1.4763881619425883
1242.0,1242.0000407991295,1.5169319142618434
1243.0,1243.000040831979,1.4727758715527597
1244.0,1244.0000408648286,1.53195291448155
1245.0,1245.000040897678,1.4599637820335054
1246.0,1246.0000409305276,1.526621334833069
1247.0,1247.0000409633772,1.511277075633704
1248.0,1248.0000409962267,1.464764334837334
1249.0,1249.0000410290763,1.514846666202395
1250.0,1250.000041061926,1.5219274782896397
1251.0,1251.0000410947753,1.5965883888485006
1252.0,1252.0000411276249,1.5284492896481876
1253.0,1253.0000411604744,1.468967130179152
1254.0,1254.000041193324,1.460148653458364
1255.0,1255.0000412261736,1.4981158087467874
1256.0,1256.000041259023,1.5075346882314045
1257.0,1257.0000412918725,1.497881464998811
1258.0,1258.0000413247221,1.502727249635608
1259.0,1259.0000413575717,1.5392847991040193
1260.0,1260.0000413904213,1.5420243594658205
1261.0,1261.0000414232707,1.5037542017417387
1262.0,1262.0000414561202,1.5295843033886327
1263.0,1263.0000414889698,1.4238145597162783
1264.0,1264.0000415218194,1.5255787351085577
1265.0,1265.000041554669,1.488557164918125
1266.0,1266.0000415875184,1.4972594132093993
1267.0,1267.000041620368,1.5303748150426935
1268.0,1268.0000416532175,1.4538984868084315
1269.0,1269.000041686067,1.4886599865447898
1270.0,1270.0000417189167,1.5330459383676935
1271.0,1271.000041751766,1.4375591580542781
1272.0,1272.0000417846156,1.4927296350493875
1273.0,1273.0000418174652,1.4407757312948015
1274.0,1274.0000418503148,1.4685884688487747
1275.0,1275.0000418831644,1.5030486025955498
1276.0,1276.000041916014,1.43455649815494
1277.0,1277.0000419488633,1.4980871282848558
1278.0,1278.000041981713,1.5503327243760485
1279.0,1279.0000420145625,1.4637241346478773
1280.0,1280.000042047412,1.5027797682952908
1281.0,1281.0000420802617,1.5575542500450545
1282.0,1282.000042113111,1.5863707448484796
1283.0,1283.0000421459606,1.558777428657854
1284.0,1284.0000421788102,1.5584817270058822
1285.0,1285.0000422116598,1.5243282695262208
1286.0,1286.0000422445094,1.5202373197503742
1287.0,1287.0000422773587,1.53529743208135
1288.0,1288.0000423102083,1.5263185772134296
1289.0,1289.0000423430579,1.511619635712738
1290.0,1290.0000423759075,1.5329061683134584
1291.0,1291.000042408757,1.4514999958275898
1292.0,1292.0000424416064,1.4400346500822865
1293.0,1293.000042474456,1.4489695292044644
1294.0,1294.0000425073056,1.414507078041339
1295.0,1295.0000425401552,1.4543636005334333
1296.0,1296.0000425730047,1.3788284687245975
1297.0,1297.000042605854,1.422470527412415
1298.0,1298.0000426387037,1.4122704720866457
1299.0,1299.0000426715533,1.4800121708790401
1300.0,1300.0000427044029,1.4255101398997425
1301.0,1301.0000427372524,1.3928760084472127
1302.0,1302.000042770102,1.5212061011714957
1303.0,1303.0000428029514,1.413192278801417
1304.0,1304.000042835801,1.4650231523708588
1305.0,1305.0000428686506,1.5243065952883834
1306.0,1306.0000429015001,1.4427995691263262
1307.0,1307.0000429343497,1.4999464772725142
1308.0,1308.000042967199,1.4141638085099875
1309.0,1309.0000430000487,1.418481697092784
1310.0,1310.0000430328982,1.4833546099739832
1311.0,1311.0000430657478,1.515712840978827
1312.0,1312.0000430985974,1.5283979382332429
1313.0,1313.0000431314468,1.504765627133638
1314.0,1314.0000431642964,1.5549243805720077
1315.0,1315.000043197146,1.5244950683957863
1316.0,1316.0000432299955,1.4390136078445346
1317.0,1317.000043262845,1.5289442987541402
1318.0,1318.0000432956945,1.505958891024637
1319.0,1319.000043328544,1.4602941611055278
1320.0,1320.0000433613936,1.502149140504871
1321.0,1321.0000433942432,1.4001295447968423
1322.0,1322.0000434270928,1.4786565424809732
1323.0,1323.0000434599422,1.5576079017974158
1324.0,1324.0000434927917,1.4492126888708319
1325.0,1325.0000435256413,1.4746005910236613
1326.0,1326.000043558491,1.4813202601904898
1327.0,1327.0000435913405,1.5005715872012557
1328.0,1328.00004362419,1.4549602996017728
1329.0,1329.0000436570394,1.4522434798332438
1330.0,1330.000043689889,1.4930289903024445
1331.0,1331.0000437227386,1.4826793772533715
1332.0,1332.0000437555882,1.5149649848259157
1333.0,1333.0000437884378,1.4802920206022454
1334.0,1334.0000438212871,1.4585168854976784
1335.0,1335.0000438541367,1.4727241992207085
1336.0,1336.0000438869863,1.4344560105814932
1337.0,1337.000043919836,1.484465790410732
1338.0,1338.0000439526855,1.4712141939991845
1339.0,1339.0000439855348,1.4914602458638408
1340.0,1340.0000440183844,1.4104323377927088
1341.0,1341.000044051234,1.4642808556069957
1342.0,1342.0000440840836,1.4846009260390545
1343.0,1343.0000441169332,1.4892970532870513
1344.0,1344.0000441497825,1.510489093428285
1345.0,1345.000044182632,1.4674631129365128
1346.0,1346.0000442154817,1.5316431962986823
1347.0,1347.0000442483313,1.4498444138534663
1348.0,1348.0000442811809,1.474146763274935
1349.0,1349.0000443140302,1.480957931553965
1350.0,1350.0000443468798,1.497016746825833
1351.0,1351.0000443797294,1.45815312204456
1352.0,1352.000044412579,1.4599172975554042
1353.0,1353.0000444454286,1.4895117932016737
1354.0,1354.0000444782781,1.4776945085238118
1355.0,1355.0000445111275,1.5402511068551072
1356.0,1356.000044543977,1.5252430989885473
1357.0,1357.0000445768267,1.4492669023698326
1358.0,1358.0000446096763,1.530507505456197
1359.0,1359.0000446425258,1.4694521188055876
1360.0,1360.0000446753752,1.4532234320138455
1361.0,1361.0000447082248,1.4480240773982576
1362.0,1362.0000447410744,1.488901427954689
1363.0,1363.000044773924,1.4611484512006112
1364.0,1364.0000448067735,1.4981591889581278
1365.0,1365.000044839623,1.566859016835224
1366.0,1366.0000448724725,1.482456915990433
1367.0,1367.000044905322,1.4657055964398422
1368.0,1368.0000449381716,1.5001164082211098
1369.0,1369.0000449710212,1.5262696449006994
1370.0,1370.0000450038706,1.5200863470216686
1371.0,1371.0000450367202,1.4840005890267318
1372.0,1372.0000450695698,1.465368590245175
1373.0,1373.0000451024193,1.4875460677308558
1374.0,1374.000045135269,1.5223666094869717
1375.0,1375.0000451681183,1.4817669297454417
1376.0,1376.0000452009679,1.4833949994837705
1377.0,1377.0000452338174,1.4871690025066824
1378.0,1378.000045266667,1.5771068969411253
1379.0,1379.0000452995166,1.4837605935869262
1380.0,1380.0000453323662,1.4329249270845765
1381.0,1381.0000453652156,1.4540432794544562
1382.0,1382.0000453980651,1.546206260200329
1383.0,1383.0000454309147,1.5545952325951322
1384.0,1384.0000454637643,1.4780236645953517
1385.0,1385.000045496614,1.4762936555788906
1386.0,1386.0000455294633,1.4790459464848258
1387.0,1387.0000455623128,1.464375415868433
1388.0,1388.0000455951624,1.459731384421525
1389.0,1389.000045628012,1.4520318138118853
1390.0,1390.0000456608616,1.445476869857314
1391.0,1391.000045693711,1.458920199425113
1392.0,1392.0000457265605,1.4426028869334198
1393.0,1393.00004575941,1.5200668061282214
1394.0,1394.0000457922597,1.437382024705435
1395.0,1395.0000458251093,1.511346320361786
1396.0,1396.0000458579586,1.4713260615635053
1397.0,1397.0000458908082,1.3984659352164184
1398.0,1398.0000459236578,1.4599028399950893
1399.0,1399.0000459565074,1.3493345516201953
1400.0,1400.000045989357,1.3614850173805992
1401.0,1401.0000460222063,1.4234958189623317
1402.0,1402.000046055056,1.4681657660765715
1403.0,1403.0000460879055,1.404807842884221
1404.0,1404.000046120755,1.421859606312983
1405.0,1405.0000461536047,1.4602774449044498
1406.0,1406.0000461864543,1.383865722856352
1407.0,1407.0000462193036,1.4489336743405645
1408.0,1408.0000462521532,1.479781683184566
1409.0,1409.0000462850028,1.4608343837449125
1410.0,1410.0000463178524,1.485559210795158
1411.0,1411.000046350702,1.472517252839817
1412.0,1412.0000463835513,1.46261436184945
1413.0,1413.000046416401,1.4337790925617815
1414.0,1414.0000464492505,1.4381881328293369
1415.0,1415.0000464821,1.4828687362789015
1416.0,1416.0000465149496,1.4952269205795516
1417.0,1417.000046547799,1.5125818784848024
1418.0,1418.0000465806486,1.5284671161198826
1419.0,1419.0000466134982,1.4837364210073658
1420.0,1420.0000466463478,1.4729527260341644
1421.0,1421.0000466791973,1.4616079373269637
1422.0,1422.0000467120467,1.4509563183935952
1423.0,1423.0000467448963,1.4761315936637043
1424.0,1424.0000467777459,1.445213974730052
1425.0,1425.0000468105954,1.4152398730177282
1426.0,1426.000046843445,1.4596085714555878
1427.0,1427.0000468762944,1.4352260210564882
1428.0,1428.000046909144,1.4630153634274745
1429.0,1429.0000469419936,1.4963227805505521
1430.0,1430.0000469748431,1.4298040371298575
1431.0,1431.0000470076927,1.4546959378552171
1432.0,1432.0000470405423,1.4308459039413148
1433.0,1433.0000470733917,1.4170641735062939
1434.0,1434.0000471062413,1.4490456498241977
1435.0,1435.0000471390908,1.5181479396495752
1436.0,1436.0000471719404,1.4851134399238743
1437.0,1437.00004720479,1.5020028097794345
1438.0,1438.0000472376394,1.5242679746292493
1439.0,1439.000047270489,1.443567024615055
1440.0,1440.0000473033385,1.4202518354729596
1441.0,1441.0000473361881,1.524978003199735
1442.0,1442.0000473690377,1.453813569667176
1443.0,1443.000047401887,1.437097525964822
1444.0,1444.0000474347366,1.4902760015955945
1445.0,1445.0000474675862,1.446648296118038
1446.0,1446.0000475004358,1.5019499049200395
1447.0,1447.0000475332854,1.4900277902389911
1448.0,1448.0000475661348,1.4766846030687808
1449.0,1449.0000475989843,1.4429578116364288
1450.0,1450.000047631834,1.4331126195595145
1451.0,1451.0000476646835,1.4884247725678224
1452.0,1452.000047697533,1.4028872444888247
1453.0,1453.0000477303824,1.3711829068608787
1454.0,1454.000047763232,1.4692169785107452
1455.0,1455.0000477960816,1.4324533359461349
1456.0,1456.0000478289312,1.4631522769888254
1457.0,1457.0000478617808,1.487976778127134
1458.0,1458.0000478946304,1.5136938138187233
1459.0,1459.0000479274797,1.497020063376015
1460.0,1460.0000479603293,1.4654059272774973
1461.0,1461.000047993179,1.444548668129199
1462.0,1462.0000480260285,1.517334715689769
1463.0,1463.000048058878,1.4663351779296843
1464.0,1464.0000480917274,1.5069469401340556
1465.0,1465.000048124577,1.4336893356656157
1466.0,1466.0000481574266,1.4075951665394268
1467.0,1467.0000481902762,1.4779343801865437
1468.0,1468.0000482231258,1.4718933767618547
1469.0,1469.0000482559751,1.4594465033271407
1470.0,1470.0000482888247,1.4581603921660773
1471.0,1471.0000483216743,1.4858671929792386
1472.0,1472.0000483545239,1.4551879906746754
1473.0,1473.0000483873735,1.4588210739390275
1474.0,1474.0000484202228,1.5264758643519283
1475.0,1475.0000484530724,1.4641566652125055
1476.0,1476.000048485922,1.500855293798767
1477.0,1477.0000485187716,1.4451260713301255
1478.0,1478.0000485516211,1.4555785123839389
1479.0,1479.0000485844705,1.4381345953805509
1480.0,1480.00004861732,1.5071945753263487
1481.0,1481.0000486501697,1.4620690345768943
1482.0,1482.0000486830193,1.5113010324691125
1483.0,1483.0000487158688,1.5337686711458625
1484.0,1484.0000487487184,1.4805997341982002
1485.0,1485.0000487815678,1.5393128797091074
1486.0,1486.0000488144174,1.5039094753804971
1487.0,1487.000048847267,1.561182612564009
1488.0,1488.0000488801165,1.5538243149513018
1489.0,1489.0000489129661,1.6427414353623857
1490.0,1490.0000489458155,1.5386688769071424
1491.0,1491.000048978665,1.5219348722741772
1492.0,1492.0000490115146,1.541892385050348
1493.0,1493.0000490443642,1.5048894595665407
1494.0,1494.0000490772138,1.5132409316308573
1495.0,1495.0000491100632,1.4364146272108986
1496.0,1496.0000491429128,1.5055246723837088
1497.0,1497.0000491757623,1.4796709777876882
1498.0,1498.000049208612,1.437421187962121
1499.0,1499.0000492414615,1.4693616336998168
1500.0,1500.0000492743109,1.509026430688817
1501.0,1501.0000493071605,1.5031914739311465
1502.0,1502.00004934001,1.5357430410606647
1503.0,1503.0000493728596,1.5257006308946108
1504.0,1504.0000494057092,1.5092196861278593
1505.0,1505.0000494385586,1.536053646154122
1506.0,1506.0000494714081,1.4759760508017268
1507.0,1507.0000495042577,1.5367813348494896
1508.0,1508.0000495371073,1.5008116458658898
1509.0,1509.000049569957,1.5570911290519354
1510.0,1510.0000496028065,1.445636461812512
1511.0,1511.0000496356558,1.541739616840653
1512.0,1512.0000496685054,1.5312252302506943
1513.0,1513.000049701355,1.4798946372304003
1514.0,1514.0000497342046,1.4732119029461255
1515.0,1515.0000497670542,1.5422964634831562
1516.0,1516.0000497999035,1.5129117416923576
1517.0,1517.0000498327531,1.531809102332007
1518.0,1518.0000498656027,1.5358452758870946
1519.0,1519.0000498984523,1.5076690884589325
1520.0,1520.0000499313019,1.5041315583165829
1521.0,1521.0000499641512,1.5058460455031903
1522.0,1522.0000499970008,1.463513285235343
1523.0,1523.0000500298504,1.4494928847311845
1524.0,1524.0000500627,1.527450544294827
1525.0,1525.0000500955496,1.5020214051339695
1526.0,1526.000050128399,1.4416464850765116
1527.0,1527.0000501612485,1.421664159011817
1528.0,1528.000050194098,1.5194586647696016
1529.0,1529.0000502269477,1.511952743670076
1530.0,1530.0000502597973,1.5094148518063277
1531.0,1531.0000502926466,1.5195075423541748
1532.0,1532.0000503254962,1.519230465599271
1533.0,1533.0000503583458,1.5441947261367495
1534.0,1534.0000503911954,1.4896159415837535
1535.0,1535.000050424045,1.42177983478682
1536.0,1536.0000504568943,1.4926030899721645
1537.0,1537.000050489744,1.4965284566463186
1538.0,1538.0000505225935,1.462627449163401
1539.0,1539.000050555443,1.4816373466984034
1540.0,1540.0000505882927,1.5003113939746648
1541.0,1541.0000506211422,1.488593602438353
1542.0,1542.0000506539916,1.4865197437894415
1543.0,1543.0000506868412,1.435053886685239
1544.0,1544.0000507196908,1.5554256886125535
1545.0,1545.0000507525403,1.4950542931754993
1546.0,1546.00005078539,1.5490429607376939
1547.0,1547.0000508182393,1.493851864563697
1548.0,1548.0000508510889,1.5169212164309809
1549.0,1549.0000508839385,1.4426303365881101
1550.0,1550.000050916788,1.430795054187555
1551.0,1551.0000509496376,1.4684233879553101
1552.0,1552.000050982487,1.4406077857156458
1553.0,1553.0000510153366,1.4757835227873373
1554.0,1554.0000510481862,1.5157251294719873
1555.0,1555.0000510810357,1.5385483895237484
1556.0,1556.0000511138853,1.5028005169891827
1557.0,1557.0000511467347,1.46923930626702
1558.0,1558.0000511795843,1.474994646940217
1559.0,1559.0000512124338,1.5313720342880146
1560.0,1560.0000512452834,1.5346471148299399
1561.0,1561.000051278133,1.4644075992248597
1562.0,1562.0000513109824,1.4898329230995409
1563.0,1563.000051343832,1.4349823506216997
1564.0,1564.0000513766815,1.4561787056416697
1565.0,1565.0000514095311,1.4905126410011262
1566.0,1566.0000514423807,1.4504207030573932
1567.0,1567.0000514752303,1.4268992665868814
1568.0,1568.0000515080797,1.4967710331006947
1569.0,1569.0000515409292,1.3926394148125296
1570.0,1570.0000515737788,1.4228546888009301
1571.0,1571.0000516066284,1.439821369404867
1572.0,1572.000051639478,1.480923901546347
1573.0,1573.0000516723273,1.395330924658582
1574.0,1574.000051705177,1.3958747629268036
1575.0,1575.0000517380265,1.3999252658844177
1576.0,1576.000051770876,1.4098409519529824
1577.0,1577.0000518037257,1.444847413735743
1578.0,1578.000051836575,1.410180641086374
1579.0,1579.0000518694246,1.4794214000945687
1580.0,1580.0000519022742,1.4346158137493026
1581.0,1581.0000519351238,1.4229404876670741
1582.0,1582.0000519679734,1.4858988097092052
1583.0,1583.0000520008227,1.407356303593419
1584.0,1584.0000520336723,1.49247771921495
1585.0,1585.000052066522,1.4618639761076864
1586.0,1586.0000520993715,1.4249787191965617
1587.0,1587.000052132221,1.432505365626201
1588.0,1588.0000521650704,1.462210926664218
1589.0,1589.00005219792,1.3973839045509817
1590.0,1590.0000522307696,1.4024591670602233
1591.0,1591.0000522636192,1.4010999843433047
1592.0,1592.0000522964688,1.5014932489329758
1593.0,1593.0000523293184,1.4390706616316622
1594.0,1594.0000523621677,1.4255044618300678
1595.0,1595.0000523950173,1.399171594277923
1596.0,1596.0000524278669,1.4608454474928998
1597.0,1597.0000524607165,1.430731785838453
1598.0,1598.000052493566,1.4780761956819901
1599.0,1599.0000525264154,1.3986115254691578
1600.0,1600.000052559265,1.4310319063625008
1601.0,1601.0000525921146,1.4612603740117618
1602.0,1602.0000526249642,1.4041464729030768
1603.0,1603.0000526578137,1.4887188893200782
1604.0,1604.000052690663,1.410514658453528
1605.0,1605.0000527235127,1.3761199240628015
1606.0,1606.0000527563623,1.403954733732036
1607.0,1607.0000527892118,1.401153933370924
1608.0,1608.0000528220614,1.3806323540116763
1609.0,1609.0000528549108,1.4170224490596586
1610.0,1610.0000528877604,1.3769265744400012
1611.0,1611.00005292061,1.4028195714001959
1612.0,1612.0000529534595,1.380186141256968
1613.0,1613.0000529863091,1.460323944914678
1614.0,1614.0000530191585,1.4445096047972912
1615.0,1615.000053052008,1.5600576668943202
1616.0,1616.0000530848577,1.4504231847243874
1617.0,1617.0000531177072,1.4058577657278482
1618.0,1618.0000531505568,1.4562530751567169
1619.0,1619.0000531834064,1.4377949137986068
1620.0,1620.0000532162558,1.4145027471503178
1621.0,1621.0000532491053,1.4002756128424452
1622.0,1622.000053281955,1.5002633688815978
1623.0,1623.0000533148045,1.4044297883203636
1624.0,1624.000053347654,1.5033732442359207
1625.0,1625.0000533805035,1.5315704925922902
1626.0,1626.000053413353,1.4994285053356415
1627.0,1627.0000534462026,1.5066735562740747
1628.0,1628.0000534790522,1.4715219607176333
1629.0,1629.0000535119018,1.4992703458124728
1630.0,1630.0000535447512,1.4588292213029155
1631.0,1631.0000535776007,1.4195555218890699
1632.0,1632.0000536104503,1.4891609737757394
1633.0,1633.0000536433,1.5129779651732722
1634.0,1634.0000536761495,1.4778187601530748
1635.0,1635.0000537089988,1.5229164690083674
1636.0,1636.0000537418484,1.5975737277851039
1637.0,1637.000053774698,1.4991658660572618
1638.0,1638.0000538075476,1.4830439931973833
1639.0,1639.0000538403972,1.5367089415479613
1640.0,1640.0000538732465,1.493277965259296
1641.0,1641.0000539060961,1.4895782688323502
1642.0,1642.0000539389457,1.4941133942182443
1643.0,1643.0000539717953,1.4679631475896988
1644.0,1644.0000540046449,1.4589674051708523
1645.0,1645.0000540374945,1.5116480324838253
1646.0,1646.0000540703438,1.5147012737005514
1647.0,1647.0000541031934,1.4633495536967822
1648.0,1648.000054136043,1.456305341117518
1649.0,1649.0000541688926,1.4305494134677206
1650.0,1650.0000542017422,1.6000581827068179
1651.0,1651.0000542345915,1.4853577722008215
1652.0,1652.000054267441,1.5189965086040682
1653.0,1653.0000543002907,1.4677614300692865
1654.0,1654.0000543331403,1.537207108477158
1655.0,1655.0000543659899,1.5165145303591783
1656.0,1656.0000543988392,1.5205607658853806
1657.0,1657.0000544316888,1.5190149645739357
1658.0,1658.0000544645384,1.5667707081146405
1659.0,1659.000054497388,1.5095584061196232
1660.0,1660.0000545302375,1.4919661776642128
1661.0,1661.000054563087,1.583710742947788
1662.0,1662.0000545959365,1.5720020537272161
1663.0,1663.000054628786,1.5606336069979285
1664.0,1664.0000546616357,1.477807337035471
1665.0,1665.0000546944852,1.4747393299288856
1666.0,1666.0000547273346,1.5286012000068085
1667.0,1667.0000547601842,1.511467473974854
1668.0,1668.0000547930338,1.4516981020466617
1669.0,1669.0000548258834,1.4629896957167936
1670.0,1670.000054858733,1.4877526698448116
1671.0,1671.0000548915825,1.545792631881198
1672.0,1672.0000549244319,1.4981105574889269
1673.0,1673.0000549572815,1.5268872204039807
1674.0,1674.000054990131,1.4976488783215516
1675.0,1675.0000550229806,1.5210949955395145
1676.0,1676.0000550558302,1.5610961001072323
1677.0,1677.0000550886796,1.5243234023121288
1678.0,1678.0000551215292,1.5695906022813746
1679.0,1679.0000551543787,1.5008313874446462
1680.0,1680.0000551872283,1.5277094091246086
1681.0,1681.000055220078,1.5270764126286207
1682.0,1682.0000552529273,1.5424280560227484
1683.0,1683.0000552857769,1.5548378922907868
1684.0,1684.0000553186264,1.5602730406430867
1685.0,1685.000055351476,1.53736260723386
1686.0,1686.0000553843256,1.422196934908973
1687.0,1687.000055417175,1.462500812432302
1688.0,1688.0000554500245,1.504065653637846
1689.0,1689.0000554828741,1.5691256672876062
1690.0,1690.0000555157237,1.554285894865973
1691.0,1691.0000555485733,1.5048164328594598
1692.0,1692.0000555814227,1.4901859342188823
1693.0,1693.0000556142722,1.540921461511675
1694.0,1694.0000556471218,1.5162171653283234
1695.0,1695.0000556799714,1.533044755742974
1696.0,1696.000055712821,1.4852976112970817
1697.0,1697.0000557456706,1.4944481189350578
1698.0,1698.00005577852,1.5446896505745802
1699.0,1699.0000558113695,1.5169927453505192
1700.0,1700.000055844219,1.5324958103523134
1701.0,1701.0000558770687,1.5200678240944112
1702.0,1702.0000559099183,1.536762710406491
1703.0,1703.0000559427676,1.5458559669216039
1704.0,1704.0000559756172,1.4730258459308656
1705.0,1705.0000560084668,1.4857350953249508
1706.0,1706.0000560413164,1.5618998094329837
1707.0,1707.000056074166,1.5430573321445857
1708.0,1708.0000561070153,1.5075811241355548
1709.0,1709.000056139865,1.5046796426012232
1710.0,1710.0000561727145,1.5589957006824282
1711.0,1711.000056205564,1.519529978951894
1712.0,1712.0000562384137,1.6104323576463138
1713.0,1713.000056271263,1.5868742155238915
1714.0,1714.0000563041126,1.5489675269801304
1715.0,1715.0000563369622,1.5141124549777736
1716.0,1716.0000563698118,1.6172209404620725
1717.0,1717.0000564026614,1.555332199501818
1718.0,1718.0000564355107,1.5243587433877055
1719.0,1719.0000564683603,1.4554247831864817
1720.0,1720.0000565012099,1.533520084034023
1721.0,1721.0000565340595,1.539437088692276
1722.0,1722.000056566909,1.5478152194455217
1723.0,1723.0000565997586,1.5034269421405015
1724.0,1724.000056632608,1.5395818951539355
1725.0,1725.0000566654576,1.5379918331743163
1726.0,1726.0000566983072,1.46773322595517
1727.0,1727.0000567311567,1.572109668426799
1728.0,1728.0000567640063,1.5807181809747284
1729.0,1729.0000567968557,1.519746936993314
1730.0,1730.0000568297053,1.5712274702381697
1731.0,1731.0000568625549,1.5418866586219013
1732.0,1732.0000568954044,1.5089412281546222
1733.0,1733.000056928254,1.5657591504564905
1734.0,1734.0000569611034,1.5512458297340208
1735.0,1735.000056993953,1.5554505974503912
1736.0,1736.0000570268026,1.5328075135386128
1737.0,1737.0000570596521,1.5135556148696172
1738.0,1738.0000570925017,1.5096298993357244
1739.0,1739.000057125351,1.5469412415561075
1740.0,1740.0000571582007,1.5159143841141156
1741.0,1741.0000571910502,1.5079252450389105
1742.0,1742.0000572238998,1.4976631911099723
1743.0,1743.0000572567494,1.4859961504896277
1744.0,1744.0000572895988,1.5715339009119664
1745.0,1745.0000573224484,1.4811366210255161
1746.0,1746.000057355298,1.4684252806651565
1747.0,1747.0000573881475,1.494164976404287
1748.0,1748.000057420997,1.5162467042703793
1749.0,1749.0000574538467,1.534084678917902
1750.0,1750.000057486696,1.5457946418991195
1751.0,1751.0000575195456,1.4944785982634679
1752.0,1752.0000575523952,1.552447780994637
1753.0,1753.0000575852448,1.5897848857337775
1754.0,1754.0000576180944,1.5297735391358005
1755.0,1755.0000576509437,1.548913571244956
1756.0,1756.0000576837933,1.5347957353201171
1757.0,1757.000057716643,1.5232268157695537
1758.0,1758.0000577494925,1.5112817692383649
1759.0,1759.000057782342,1.5306281961347208
1760.0,1760.0000578151914,1.544836205491039
1761.0,1761.000057848041,1.5570381409284164
1762.0,1762.0000578808906,1.5406348221911408
1763.0,1763.0000579137402,1.5363395917712928
1764.0,1764.0000579465898,1.508563222330775
1765.0,1765.0000579794391,1.5355943741374656
1766.0,1766.0000580122887,1.4667206186141057
1767.0,1767.0000580451383,1.5139276643581645
1768.0,1768.000058077988,1.4853693328687938
1769.0,1769.0000581108375,1.563418897343586
1770.0,1770.0000581436868,1.4130904271267246
1771.0,1771.0000581765364,1.5679879229670646
1772.0,1772.000058209386,1.5562911748743837
1773.0,1773.0000582422356,1.5351854940479293
1774.0,1774.0000582750852,1.5726898624538108
1775.0,1775.0000583079348,1.590866915702363
1776.0,1776.000058340784,1.543512210309964
1777.0,1777.0000583736337,1.6050697622691217
1778.0,1778.0000584064833,1.5484298924374165
1779.0,1779.0000584393329,1.5650993877322235
1780.0,1780.0000584721824,1.5768409413292133
1781.0,1781.0000585050318,1.5376909661909226
1782.0,1782.0000585378814,1.4503252044322998
1783.0,1783.000058570731,1.4922262158203026
1784.0,1784.0000586035806,1.536780340888429
1785.0,1785.0000586364301,1.5284407109539861
1786.0,1786.0000586692795,1.5395811443415175
1787.0,1787.000058702129,1.6038080232118581
1788.0,1788.0000587349787,1.540197251211018
1789.0,1789.0000587678282,1.5351005033054947
1790.0,1790.0000588006778,1.52210231711357
1791.0,1791.0000588335272,1.5344258358162255
1792.0,1792.0000588663768,1.4994317000752655
1793.0,1793.0000588992264,1.526906091959947
1794.0,1794.000058932076,1.5038322922484877
1795.0,1795.0000589649255,1.5316693114361117
1796.0,1796.0000589977749,1.543388975861145
1797.0,1797.0000590306245,1.5465081999808215
1798.0,1798.000059063474,1.5871565749098298
1799.0,1799.0000590963236,1.5539147747737472
1800.0,1800.0000591291732,1.5186306464576453
1801.0,1801.0000591620228,1.6006037000134525
1802.0,1802.0000591948722,1.503441695804951
1803.0,1803.0000592277217,1.5244122238506321
1804.0,1804.0000592605713,1.4620477748441345
1805.0,1805.000059293421,1.4753356782500775
1806.0,1806.0000593262705,1.4559579191659087
1807.0,1807.0000593591199,1.547169501661283
1808.0,1808.0000593919694,1.5756600181628297
1809.0,1809.000059424819,1.4424656785422938
1810.0,1810.0000594576686,1.4656591830205532
1811.0,1811.0000594905182,1.5537231955612387
1812.0,1812.0000595233676,1.4899571546520458
1813.0,1813.0000595562171,1.4618719727843283
1814.0,1814.0000595890667,1.47516474565758
1815.0,1815.0000596219163,1.511671395492929
1816.0,1816.000059654766,1.4748133010941924
1817.0,1817.0000596876152,1.479031391608399
1818.0,1818.0000597204648,1.5325624585478848
1819.0,1819.0000597533144,1.5016154419715126
1820.0,1820.000059786164,1.51260862661264
1821.0,1821.0000598190136,1.555281601239774
1822.0,1822.000059851863,1.537167413765054
1823.0,1823.0000598847125,1.5633601122196013
1824.0,1824.000059917562,1.5606848129445365
1825.0,1825.0000599504117,1.5489800100903526
1826.0,1826.0000599832613,1.5847999099317018
1827.0,1827.0000600161109,1.5650515274888026
1828.0,1828.0000600489602,1.6080899454192839
1829.0,1829.0000600818098,1.5402170428099156
1830.0,1830.0000601146594,1.5285988934789305
1831.0,1831.000060147509,1.578441569571237
1832.0,1832.0000601803586,1.5257048117913365
1833.0,1833.000060213208,1.5476323796805576
1834.0,1834.0000602460575,1.590989485512794
1835.0,1835.000060278907,1.5958817599995654
1836.0,1836.0000603117567,1.523882661618269
1837.0,1837.0000603446063,1.538859211330417
1838.0,1838.0000603774556,1.555060017157718
1839.0,1839.0000604103052,1.5144475787592486
1840.0,1840.0000604431548,1.5191626432284149
1841.0,1841.0000604760044,1.4778730147015846
1842.0,1842.000060508854,1.4512841576644417
1843.0,1843.0000605417033,1.4761811210607871
1844.0,1844.000060574553,1.5350825486781747
1845.0,1845.0000606074025,1.5198636962170469
1846.0,1846.000060640252,1.5732312397217478
1847.0,1847.0000606731016,1.5102847404116282
1848.0,1848.000060705951,1.4930558156064704
1849.0,1849.0000607388006,1.5163613738913109
1850.0,1850.0000607716502,1.557502008731747
1851.0,1851.0000608044998,1.5115059534263253
1852.0,1852.0000608373493,1.5404143382900355
1853.0,1853.000060870199,1.513944535432847
1854.0,1854.0000609030483,1.5442608018415254
1855.0,1855.0000609358979,1.548470414291656
1856.0,1856.0000609687474,1.5405681018948298
1857.0,1857.000061001597,1.5379908989499549
1858.0,1858.0000610344466,1.5769037832955375
1859.0,1859.000061067296,1.5668989980987655
1860.0,1860.0000611001456,1.5911578289146013
1861.0,1861.0000611329951,1.6256058411062584
1862.0,1862.0000611658447,1.5387545192557468
1863.0,1863.0000611986943,1.5977188375915952
1864.0,1864.0000612315437,1.625248132901156
1865.0,1865.0000612643933,1.6026261065840248
1866.0,1866.0000612972428,1.6234957843967248
1867.0,1867.0000613300924,1.5388097770290778
1868.0,1868.000061362942,1.5838600011694786
1869.0,1869.0000613957914,1.5727457003378726
1870.0,1870.000061428641,1.5805838104176284
1871.0,1871.0000614614905,1.6440743192525107
1872.0,1872.0000614943401,1.5820731590649506
1873.0,1873.0000615271897,1.5296110004157608
1874.0,1874.000061560039,1.5811910762732964
1875.0,1875.0000615928886,1.5690203043984499
1876.0,1876.0000616257382,1.5571511588728455
1877.0,1877.0000616585878,1.5748134255489694
1878.0,1878.0000616914374,1.547433691634769
1879.0,1879.000061724287,1.547749141381854
1880.0,1880.0000617571363,1.570509325894111
1881.0,1881.000061789986,1.504948483249931
1882.0,1882.0000618228355,1.5091508657726271
1883.0,1883.000061855685,1.5382053812449503
1884.0,1884.0000618885347,1.4993969169245156
1885.0,1885.000061921384,1.5457616254976037
1886.0,1886.0000619542336,1.5737959765371268
1887.0,1887.0000619870832,1.5447517322669304
1888.0,1888.0000620199328,1.5468271118684502
1889.0,1889.0000620527824,1.5939465573302636
1890.0,1890.0000620856317,1.5502091820742485
1891.0,1891.0000621184813,1.5820725900805137
1892.0,1892.000062151331,1.5786244178526578
1893.0,1893.0000621841805,1.5630472560521298
1894.0,1894.00006221703,1.5586694188691892
1895.0,1895.0000622498794,1.541533938113885
1896.0,1896.000062282729,1.646609122992612
1897.0,1897.0000623155786,1.585878248245151
1898.0,1898.0000623484282,1.6824843596170738
1899.0,1899.0000623812778,1.6092968872557247
1900.0,1900.0000624141271,1.6123438607019382
1901.0,1901.0000624469767,1.4865839158813239
1902.0,1902.0000624798263,1.5556052690051927
1903.0,1903.0000625126759,1.4747735301024576
1904.0,1904.0000625455255,1.4984837225725136
1905.0,1905.000062578375,1.5796936043444918
1906.0,1906.0000626112244,1.5160491181854485
1907.0,1907.000062644074,1.5360432579405585
1908.0,1908.0000626769236,1.5379963676777724
1909.0,1909.0000627097731,1.5187133792553356
1910.0,1910.0000627426227,1.5030978578734937
1911.0,1911.000062775472,1.5005597833150395
1912.0,1912.0000628083217,1.5747750517373111
1913.0,1913.0000628411713,1.5752206606979469
1914.0,1914.0000628740208,1.526238308828085
1915.0,1915.0000629068704,1.5755430891910933
1916.0,1916.0000629397198,1.4308970786581423
1917.0,1917.0000629725694,1.50741295320211
1918.0,1918.000063005419,1.5084595025678067
1919.0,1919.0000630382685,1.5559193626819594
1920.0,1920.0000630711181,1.5114286908594974
1921.0,1921.0000631039675,1.5061752971888518
1922.0,1922.000063136817,1.5676483500868317
1923.0,1923.0000631696666,1.5318034941321719
1924.0,1924.0000632025162,1.6015947756436795
1925.0,1925.0000632353658,1.5939441602329725
1926.0,1926.0000632682152,1.6672442092735382
1927.0,1927.0000633010648,1.5866162114271711
1928.0,1928.0000633339143,1.5392852229916825
1929.0,1929.000063366764,1.496797142693657
1930.0,1930.0000633996135,1.528809121512596
1931.0,1931.000063432463,1.5769473548167623
1932.0,1932.0000634653125,1.5272757590387855
1933.0,1933.000063498162,1.5165397757119614
1934.0,1934.0000635310116,1.4790826390001237
1935.0,1935.0000635638612,1.5123371280771158
1936.0,1936.0000635967108,1.53084734096365
1937.0,1937.0000636295601,1.5808980993218404
1938.0,1938.0000636624097,1.528676354245054
1939.0,1939.0000636952593,1.526934483836089
1940.0,1940.000063728109,1.578377411330973
1941.0,1941.0000637609585,1.5440699345205982
1942.0,1942.0000637938078,1.607002501507311
1943.0,1943.0000638266574,1.5615970522977194
1944.0,1944.000063859507,1.5404173723917178
1945.0,1945.0000638923566,1.5366407770936406
1946.0,1946.0000639252062,1.5482728616473795
1947.0,1947.0000639580555,1.5465182074731745
1948.0,1948.0000639909051,1.5210848136145918
1949.0,1949.0000640237547,1.5345596424030148
1950.0,1950.0000640566043,1.4986768016865124
1951.0,1951.0000640894539,1.5024106198306302
1952.0,1952.0000641223032,1.4783405826859368
1953.0,1953.0000641551528,1.4328475390023903
1954.0,1954.0000641880024,1.5682328125159803
1955.0,1955.000064220852,1.52072439298062
1956.0,1956.0000642537016,1.4602809958705734
1957.0,1957.0000642865512,1.4455730215930949
1958.0,1958.0000643194005,1.4459603639476877
1959.0,1959.00006435225,1.4370344811047295
1960.0,1960.0000643850997,1.426601397270871
1961.0,1961.0000644179493,1.4665968500208877
1962.0,1962.0000644507988,1.4680320936169795
1963.0,1963.0000644836482,1.5518713086489064
1964.0,1964.0000645164978,1.4863457015249952
1965.0,1965.0000645493474,1.483281447521538
1966.0,1966.000064582197,1.5158785361968241
1967.0,1967.0000646150465,1.4902493310789708
1968.0,1968.000064647896,1.4396347472160154
1969.0,1969.0000646807455,1.5043328294540985
1970.0,1970.000064713595,1.4624544970638536
1971.0,1971.0000647464447,1.489491749962711
1972.0,1972.0000647792942,1.4553673099563325
1973.0,1973.0000648121436,1.4265709851527666
1974.0,1974.0000648449932,1.470851503165637
1975.0,1975.0000648778428,1.4495490458173343
1976.0,1976.0000649106923,1.4116630396522076
1977.0,1977.000064943542,1.478666363122922
1978.0,1978.0000649763913,1.509266934763827
1979.0,1979.0000650092409,1.5310825299185424
1980.0,1980.0000650420905,1.5274642407410257
1981.0,1981.00006507494,1.5175291672633107
1982.0,1982.0000651077896,1.4006949775854471
1983.0,1983.0000651406392,1.4508569244497251
1984.0,1984.0000651734886,1.456907002501453
1985.0,1985.0000652063381,1.467559440036509
1986.0,1986.0000652391877,1.4230957798477768
1987.0,1987.0000652720373,1.4406184988282467
1988.0,1988.000065304887,1.4696148119987356
1989.0,1989.0000653377363,1.528385221499207
1990.0,1990.0000653705858,1.4608922914067004
1991.0,1991.0000654034354,1.4649695331245534
1992.0,1992.000065436285,1.436810881523733
1993.0,1993.0000654691346,1.3815220517755742
1994.0,1994.000065501984,1.410900347081394
1995.0,1995.0000655348335,1.465710106821932
1996.0,1996.0000655676831,1.444096595291427
1997.0,1997.0000656005327,1.3973324851023226
1998.0,1998.0000656333823,1.3968138991680124
1999.0,1999.0000656662316,1.3800319869607378
